-- ============================================================
-- MOCK DATA - Gerado automaticamente para testes de frontend
-- Total: 50 users | 20 ongs | 60 events | 280 volunteers
-- Assumir banco limpo. Execute em banco sem dados para evitar conflitos.
-- Senhas dos usuários (Argon2id):
--   senha123   → usuários 1, 4, 7, 10, 13, 16, 19, 22, 25, 28, 31, 34, 37, 40, 43, 46, 49
--   teste123   → usuários 2, 5, 8, 11, 14, 17, 20, 23, 26, 29, 32, 35, 38, 41, 44, 47, 50
--   segredo123 → usuários 3, 6, 9, 12, 15, 18, 21, 24, 27, 30, 33, 36, 39, 42, 45, 48
-- ============================================================

-- USERS
INSERT INTO users (id, name, avatar_url, email, password, created_at, updated_at) VALUES
  ('ca619f60-e9c1-444b-87bc-8e895c0d57ad', 'Ana Barbosa', 'https://randomuser.me/api/portraits/men/0.jpg', 'ana.barbosa0@email.com', '$argon2id$v=19$m=65536,t=3,p=1$9MuJvizrLe2GceXzAKaTHA$8MmUiKTbJrxej0+M45y/fz9ANu75nBOovqNO/ECJ75U', '2026-01-25 00:17:34+00', '2026-01-25 00:17:34+00'),
  ('81e952ba-1dae-4257-ad02-da0170afb268', 'Carlos Santos', 'https://randomuser.me/api/portraits/women/1.jpg', 'carlos.santos1@email.com', '$argon2id$v=19$m=65536,t=3,p=1$6gfOChNkNc60KiuuEEiurQ$UPEojyMJGeIS1O9Rp6lUUi3cL+/5ZZgFd1+NtLZmQB8', '2025-11-26 00:17:34+00', '2025-11-26 00:17:34+00'),
  ('990387e5-526a-4143-803e-c3cb438f3553', 'Fernanda Alves', 'https://randomuser.me/api/portraits/men/2.jpg', 'fernanda.alves2@email.com', '$argon2id$v=19$m=65536,t=3,p=1$N2NoldTA+C26ufFxPL6izg$/AL3KCCg7NkTH//2vKlkVLphO3rPPk5sKyHM7nOpG68', '2025-07-15 00:17:34+00', '2025-07-15 00:17:34+00'),
  ('215d2f20-5868-4d1f-8b5d-e5cd9f86d04e', 'Lucas Marques', 'https://randomuser.me/api/portraits/women/3.jpg', 'lucas.marques3@email.com', '$argon2id$v=19$m=65536,t=3,p=1$9MuJvizrLe2GceXzAKaTHA$8MmUiKTbJrxej0+M45y/fz9ANu75nBOovqNO/ECJ75U', '2025-08-21 00:17:34+00', '2025-08-21 00:17:34+00'),
  ('bdaead73-8170-4f45-83e3-ba833e13b23f', 'Beatriz Sousa', 'https://randomuser.me/api/portraits/men/4.jpg', 'beatriz.sousa4@email.com', '$argon2id$v=19$m=65536,t=3,p=1$6gfOChNkNc60KiuuEEiurQ$UPEojyMJGeIS1O9Rp6lUUi3cL+/5ZZgFd1+NtLZmQB8', '2025-08-27 00:17:34+00', '2025-08-27 00:17:34+00'),
  ('0f250614-ed77-4ae0-9a75-52b1e4b0071f', 'Rafael Nunes', 'https://randomuser.me/api/portraits/women/5.jpg', 'rafael.nunes5@email.com', '$argon2id$v=19$m=65536,t=3,p=1$N2NoldTA+C26ufFxPL6izg$/AL3KCCg7NkTH//2vKlkVLphO3rPPk5sKyHM7nOpG68', '2026-02-26 00:17:34+00', '2026-02-26 00:17:34+00'),
  ('8392c495-3a8f-455b-8fbb-f2479e957d91', 'Juliana Nascimento', 'https://randomuser.me/api/portraits/men/6.jpg', 'juliana.nascimento6@email.com', '$argon2id$v=19$m=65536,t=3,p=1$9MuJvizrLe2GceXzAKaTHA$8MmUiKTbJrxej0+M45y/fz9ANu75nBOovqNO/ECJ75U', '2026-03-09 00:17:34+00', '2026-03-09 00:17:34+00'),
  ('c12b1e6c-f245-47dc-9325-1dbd9d9d6749', 'Pedro Carvalho', 'https://randomuser.me/api/portraits/women/7.jpg', 'pedro.carvalho7@email.com', '$argon2id$v=19$m=65536,t=3,p=1$6gfOChNkNc60KiuuEEiurQ$UPEojyMJGeIS1O9Rp6lUUi3cL+/5ZZgFd1+NtLZmQB8', '2026-02-11 00:17:34+00', '2026-02-11 00:17:34+00'),
  ('c3e35b63-b542-4510-a7c6-df88849a76e2', 'Mariana Silva', 'https://randomuser.me/api/portraits/men/8.jpg', 'mariana.silva8@email.com', '$argon2id$v=19$m=65536,t=3,p=1$N2NoldTA+C26ufFxPL6izg$/AL3KCCg7NkTH//2vKlkVLphO3rPPk5sKyHM7nOpG68', '2025-08-31 00:17:34+00', '2025-08-31 00:17:34+00'),
  ('a08e04eb-c0e7-4f3c-943e-8743d793070d', 'Thiago Dias', 'https://randomuser.me/api/portraits/women/9.jpg', 'thiago.dias9@email.com', '$argon2id$v=19$m=65536,t=3,p=1$9MuJvizrLe2GceXzAKaTHA$8MmUiKTbJrxej0+M45y/fz9ANu75nBOovqNO/ECJ75U', '2025-08-16 00:17:34+00', '2025-08-16 00:17:34+00'),
  ('a305bf32-620f-48b5-83d8-50c7adaebe38', 'Camila Silva', 'https://randomuser.me/api/portraits/men/10.jpg', 'camila.silva10@email.com', '$argon2id$v=19$m=65536,t=3,p=1$6gfOChNkNc60KiuuEEiurQ$UPEojyMJGeIS1O9Rp6lUUi3cL+/5ZZgFd1+NtLZmQB8', '2026-01-11 00:17:34+00', '2026-01-11 00:17:34+00'),
  ('f27b3692-3ec2-4c65-847e-0771ff88d513', 'Bruno Vieira', 'https://randomuser.me/api/portraits/women/11.jpg', 'bruno.vieira11@email.com', '$argon2id$v=19$m=65536,t=3,p=1$N2NoldTA+C26ufFxPL6izg$/AL3KCCg7NkTH//2vKlkVLphO3rPPk5sKyHM7nOpG68', '2025-04-21 00:17:34+00', '2025-04-21 00:17:34+00'),
  ('13bfb2a6-af30-4042-9153-e5f305afe965', 'Larissa Souza', 'https://randomuser.me/api/portraits/men/12.jpg', 'larissa.souza12@email.com', '$argon2id$v=19$m=65536,t=3,p=1$9MuJvizrLe2GceXzAKaTHA$8MmUiKTbJrxej0+M45y/fz9ANu75nBOovqNO/ECJ75U', '2025-12-05 00:17:34+00', '2025-12-05 00:17:34+00'),
  ('cf56ab37-9137-44b9-96e3-afe605543698', 'Diego Martins', 'https://randomuser.me/api/portraits/women/13.jpg', 'diego.martins13@email.com', '$argon2id$v=19$m=65536,t=3,p=1$6gfOChNkNc60KiuuEEiurQ$UPEojyMJGeIS1O9Rp6lUUi3cL+/5ZZgFd1+NtLZmQB8', '2025-04-13 00:17:34+00', '2025-04-13 00:17:34+00'),
  ('ee14671c-9565-4eb0-8811-882f05314084', 'Amanda Lima', 'https://randomuser.me/api/portraits/men/14.jpg', 'amanda.lima14@email.com', '$argon2id$v=19$m=65536,t=3,p=1$N2NoldTA+C26ufFxPL6izg$/AL3KCCg7NkTH//2vKlkVLphO3rPPk5sKyHM7nOpG68', '2025-09-20 00:17:34+00', '2025-09-20 00:17:34+00'),
  ('273af719-0797-44a5-ac12-def38897cd8b', 'Gustavo Ribeiro', 'https://randomuser.me/api/portraits/women/15.jpg', 'gustavo.ribeiro15@email.com', '$argon2id$v=19$m=65536,t=3,p=1$9MuJvizrLe2GceXzAKaTHA$8MmUiKTbJrxej0+M45y/fz9ANu75nBOovqNO/ECJ75U', '2025-10-14 00:17:34+00', '2025-10-14 00:17:34+00'),
  ('3251b95b-e151-49fc-9016-aa50c8d6c1fb', 'Patrícia Oliveira', 'https://randomuser.me/api/portraits/men/16.jpg', 'patricia.oliveira16@email.com', '$argon2id$v=19$m=65536,t=3,p=1$6gfOChNkNc60KiuuEEiurQ$UPEojyMJGeIS1O9Rp6lUUi3cL+/5ZZgFd1+NtLZmQB8', '2025-05-20 00:17:34+00', '2025-05-20 00:17:34+00'),
  ('29aacbc7-3748-476e-a9e6-40e17be3773c', 'Rodrigo Marques', 'https://randomuser.me/api/portraits/women/17.jpg', 'rodrigo.marques17@email.com', '$argon2id$v=19$m=65536,t=3,p=1$N2NoldTA+C26ufFxPL6izg$/AL3KCCg7NkTH//2vKlkVLphO3rPPk5sKyHM7nOpG68', '2025-05-02 00:17:34+00', '2025-05-02 00:17:34+00'),
  ('be3d5837-6505-4a05-a4e7-c5e6bb0d2373', 'Vanessa Santos', 'https://randomuser.me/api/portraits/men/18.jpg', 'vanessa.santos18@email.com', '$argon2id$v=19$m=65536,t=3,p=1$9MuJvizrLe2GceXzAKaTHA$8MmUiKTbJrxej0+M45y/fz9ANu75nBOovqNO/ECJ75U', '2025-10-02 00:17:34+00', '2025-10-02 00:17:34+00'),
  ('e0184fb5-f264-4105-8fa9-85fc0a4055e1', 'Felipe Nunes', 'https://randomuser.me/api/portraits/women/19.jpg', 'felipe.nunes19@email.com', '$argon2id$v=19$m=65536,t=3,p=1$6gfOChNkNc60KiuuEEiurQ$UPEojyMJGeIS1O9Rp6lUUi3cL+/5ZZgFd1+NtLZmQB8', '2025-09-21 00:17:34+00', '2025-09-21 00:17:34+00'),
  ('b04d113c-8662-48c7-9852-8e047344623f', 'Isabela Dias', 'https://randomuser.me/api/portraits/men/20.jpg', 'isabela.dias20@email.com', '$argon2id$v=19$m=65536,t=3,p=1$N2NoldTA+C26ufFxPL6izg$/AL3KCCg7NkTH//2vKlkVLphO3rPPk5sKyHM7nOpG68', '2025-05-21 00:17:34+00', '2025-05-21 00:17:34+00'),
  ('ba581aaf-22c1-4657-9449-f0e0e6a4c510', 'Henrique Carvalho', 'https://randomuser.me/api/portraits/women/21.jpg', 'henrique.carvalho21@email.com', '$argon2id$v=19$m=65536,t=3,p=1$9MuJvizrLe2GceXzAKaTHA$8MmUiKTbJrxej0+M45y/fz9ANu75nBOovqNO/ECJ75U', '2025-09-22 00:17:34+00', '2025-09-22 00:17:34+00'),
  ('c80134e8-4529-43c8-bf55-7b4079c350d0', 'Letícia Pereira', 'https://randomuser.me/api/portraits/men/22.jpg', 'leticia.pereira22@email.com', '$argon2id$v=19$m=65536,t=3,p=1$6gfOChNkNc60KiuuEEiurQ$UPEojyMJGeIS1O9Rp6lUUi3cL+/5ZZgFd1+NtLZmQB8', '2026-03-08 00:17:34+00', '2026-03-08 00:17:34+00'),
  ('eb983045-26af-453a-bda0-105a521651c3', 'Eduardo Barbosa', 'https://randomuser.me/api/portraits/women/23.jpg', 'eduardo.barbosa23@email.com', '$argon2id$v=19$m=65536,t=3,p=1$N2NoldTA+C26ufFxPL6izg$/AL3KCCg7NkTH//2vKlkVLphO3rPPk5sKyHM7nOpG68', '2026-02-14 00:17:34+00', '2026-02-14 00:17:34+00'),
  ('453bf733-0036-40c4-9283-fc1722e213b5', 'Priscila Nunes', 'https://randomuser.me/api/portraits/men/24.jpg', 'priscila.nunes24@email.com', '$argon2id$v=19$m=65536,t=3,p=1$9MuJvizrLe2GceXzAKaTHA$8MmUiKTbJrxej0+M45y/fz9ANu75nBOovqNO/ECJ75U', '2026-01-15 00:17:34+00', '2026-01-15 00:17:34+00'),
  ('315db089-5c08-4b54-b6b6-b4df06999a82', 'Mateus Lima', 'https://randomuser.me/api/portraits/women/25.jpg', 'mateus.lima25@email.com', '$argon2id$v=19$m=65536,t=3,p=1$6gfOChNkNc60KiuuEEiurQ$UPEojyMJGeIS1O9Rp6lUUi3cL+/5ZZgFd1+NtLZmQB8', '2025-05-21 00:17:34+00', '2025-05-21 00:17:34+00'),
  ('3ade0f95-a244-4ef3-a899-0d967e1489ca', 'Natália Pereira', 'https://randomuser.me/api/portraits/men/26.jpg', 'natalia.pereira26@email.com', '$argon2id$v=19$m=65536,t=3,p=1$N2NoldTA+C26ufFxPL6izg$/AL3KCCg7NkTH//2vKlkVLphO3rPPk5sKyHM7nOpG68', '2025-09-24 00:17:34+00', '2025-09-24 00:17:34+00'),
  ('9c7be44f-b511-4654-8cf0-42366ab9e858', 'Leonardo Dias', 'https://randomuser.me/api/portraits/women/27.jpg', 'leonardo.dias27@email.com', '$argon2id$v=19$m=65536,t=3,p=1$9MuJvizrLe2GceXzAKaTHA$8MmUiKTbJrxej0+M45y/fz9ANu75nBOovqNO/ECJ75U', '2025-10-04 00:17:34+00', '2025-10-04 00:17:34+00'),
  ('5c9d33c4-3f41-4238-bb3d-b421837efb77', 'Aline Marques', 'https://randomuser.me/api/portraits/men/28.jpg', 'aline.marques28@email.com', '$argon2id$v=19$m=65536,t=3,p=1$6gfOChNkNc60KiuuEEiurQ$UPEojyMJGeIS1O9Rp6lUUi3cL+/5ZZgFd1+NtLZmQB8', '2025-12-12 00:17:34+00', '2025-12-12 00:17:34+00'),
  ('f6f99ebd-7df5-4625-b774-03232f8014f9', 'Victor Barbosa', 'https://randomuser.me/api/portraits/women/29.jpg', 'victor.barbosa29@email.com', '$argon2id$v=19$m=65536,t=3,p=1$N2NoldTA+C26ufFxPL6izg$/AL3KCCg7NkTH//2vKlkVLphO3rPPk5sKyHM7nOpG68', '2026-02-20 00:17:34+00', '2026-02-20 00:17:34+00'),
  ('ca9b8cdc-cc69-468f-875d-c7e965912c15', 'Débora Machado', 'https://randomuser.me/api/portraits/men/30.jpg', 'debora.machado30@email.com', '$argon2id$v=19$m=65536,t=3,p=1$9MuJvizrLe2GceXzAKaTHA$8MmUiKTbJrxej0+M45y/fz9ANu75nBOovqNO/ECJ75U', '2025-05-26 00:17:34+00', '2025-05-26 00:17:34+00'),
  ('a65ddc4c-d5c2-47b9-bf00-46f47289b117', 'Gabriel Mendes', 'https://randomuser.me/api/portraits/women/31.jpg', 'gabriel.mendes31@email.com', '$argon2id$v=19$m=65536,t=3,p=1$6gfOChNkNc60KiuuEEiurQ$UPEojyMJGeIS1O9Rp6lUUi3cL+/5ZZgFd1+NtLZmQB8', '2025-11-06 00:17:34+00', '2025-11-06 00:17:34+00'),
  ('999180cd-ff2a-4bba-9c3d-2d128a580b98', 'Renata Dias', 'https://randomuser.me/api/portraits/men/32.jpg', 'renata.dias32@email.com', '$argon2id$v=19$m=65536,t=3,p=1$N2NoldTA+C26ufFxPL6izg$/AL3KCCg7NkTH//2vKlkVLphO3rPPk5sKyHM7nOpG68', '2025-06-10 00:17:34+00', '2025-06-10 00:17:34+00'),
  ('4fcfb31f-2212-43a2-989d-79d944dc1791', 'André Mendes', 'https://randomuser.me/api/portraits/women/33.jpg', 'andre.mendes33@email.com', '$argon2id$v=19$m=65536,t=3,p=1$9MuJvizrLe2GceXzAKaTHA$8MmUiKTbJrxej0+M45y/fz9ANu75nBOovqNO/ECJ75U', '2026-02-18 00:17:34+00', '2026-02-18 00:17:34+00'),
  ('7215856a-4c8a-40bc-818e-902b3b42a662', 'Mônica Freitas', 'https://randomuser.me/api/portraits/men/34.jpg', 'monica.freitas34@email.com', '$argon2id$v=19$m=65536,t=3,p=1$6gfOChNkNc60KiuuEEiurQ$UPEojyMJGeIS1O9Rp6lUUi3cL+/5ZZgFd1+NtLZmQB8', '2025-09-29 00:17:34+00', '2025-09-29 00:17:34+00'),
  ('365e2d3a-5ec6-4aff-b9af-e44e2fc4bfe6', 'Caio Lopes', 'https://randomuser.me/api/portraits/women/35.jpg', 'caio.lopes35@email.com', '$argon2id$v=19$m=65536,t=3,p=1$N2NoldTA+C26ufFxPL6izg$/AL3KCCg7NkTH//2vKlkVLphO3rPPk5sKyHM7nOpG68', '2025-09-17 00:17:34+00', '2025-09-17 00:17:34+00'),
  ('bbbb9ab6-2d00-441b-884a-e3ea071e40b3', 'Samantha Dias', 'https://randomuser.me/api/portraits/men/36.jpg', 'samantha.dias36@email.com', '$argon2id$v=19$m=65536,t=3,p=1$9MuJvizrLe2GceXzAKaTHA$8MmUiKTbJrxej0+M45y/fz9ANu75nBOovqNO/ECJ75U', '2026-03-04 00:17:34+00', '2026-03-04 00:17:34+00'),
  ('4a7fca2d-5952-496e-8f81-900f436b06b8', 'Fábio Oliveira', 'https://randomuser.me/api/portraits/women/37.jpg', 'fabio.oliveira37@email.com', '$argon2id$v=19$m=65536,t=3,p=1$6gfOChNkNc60KiuuEEiurQ$UPEojyMJGeIS1O9Rp6lUUi3cL+/5ZZgFd1+NtLZmQB8', '2026-02-08 00:17:34+00', '2026-02-08 00:17:34+00'),
  ('373d429b-c781-4957-bf34-e7ffba393755', 'Cláudia Costa', 'https://randomuser.me/api/portraits/men/38.jpg', 'claudia.costa38@email.com', '$argon2id$v=19$m=65536,t=3,p=1$N2NoldTA+C26ufFxPL6izg$/AL3KCCg7NkTH//2vKlkVLphO3rPPk5sKyHM7nOpG68', '2026-01-19 00:17:34+00', '2026-01-19 00:17:34+00'),
  ('c561b49b-d2e3-4d02-a98c-5aae06582950', 'Leandro Nunes', 'https://randomuser.me/api/portraits/women/39.jpg', 'leandro.nunes39@email.com', '$argon2id$v=19$m=65536,t=3,p=1$9MuJvizrLe2GceXzAKaTHA$8MmUiKTbJrxej0+M45y/fz9ANu75nBOovqNO/ECJ75U', '2025-05-27 00:17:34+00', '2025-05-27 00:17:34+00'),
  ('6e0d6e60-71e0-4eda-adb6-e7e8f066cfd7', 'Viviane Vieira', 'https://randomuser.me/api/portraits/men/40.jpg', 'viviane.vieira40@email.com', '$argon2id$v=19$m=65536,t=3,p=1$6gfOChNkNc60KiuuEEiurQ$UPEojyMJGeIS1O9Rp6lUUi3cL+/5ZZgFd1+NtLZmQB8', '2025-04-06 00:17:34+00', '2025-04-06 00:17:34+00'),
  ('4324b307-da3d-4cf6-9628-42d94c12a50f', 'Marcelo Lopes', 'https://randomuser.me/api/portraits/women/41.jpg', 'marcelo.lopes41@email.com', '$argon2id$v=19$m=65536,t=3,p=1$N2NoldTA+C26ufFxPL6izg$/AL3KCCg7NkTH//2vKlkVLphO3rPPk5sKyHM7nOpG68', '2025-09-30 00:17:34+00', '2025-09-30 00:17:34+00'),
  ('1b5534de-db17-4748-ad1f-09e215eab261', 'Jéssica Machado', 'https://randomuser.me/api/portraits/men/42.jpg', 'jessica.machado42@email.com', '$argon2id$v=19$m=65536,t=3,p=1$9MuJvizrLe2GceXzAKaTHA$8MmUiKTbJrxej0+M45y/fz9ANu75nBOovqNO/ECJ75U', '2025-08-18 00:17:34+00', '2025-08-18 00:17:34+00'),
  ('be8e0e5b-219a-4781-831f-062fa0c08b2c', 'Ricardo Carvalho', 'https://randomuser.me/api/portraits/women/43.jpg', 'ricardo.carvalho43@email.com', '$argon2id$v=19$m=65536,t=3,p=1$6gfOChNkNc60KiuuEEiurQ$UPEojyMJGeIS1O9Rp6lUUi3cL+/5ZZgFd1+NtLZmQB8', '2025-08-18 00:17:34+00', '2025-08-18 00:17:34+00'),
  ('1cff449e-ee38-4f69-b8eb-37c09ebd7c38', 'Tatiana Ferreira', 'https://randomuser.me/api/portraits/men/44.jpg', 'tatiana.ferreira44@email.com', '$argon2id$v=19$m=65536,t=3,p=1$N2NoldTA+C26ufFxPL6izg$/AL3KCCg7NkTH//2vKlkVLphO3rPPk5sKyHM7nOpG68', '2025-09-09 00:17:34+00', '2025-09-09 00:17:34+00'),
  ('c54c312a-a323-49b5-9986-72511abc4feb', 'Vinícius Lima', 'https://randomuser.me/api/portraits/women/45.jpg', 'vinicius.lima45@email.com', '$argon2id$v=19$m=65536,t=3,p=1$9MuJvizrLe2GceXzAKaTHA$8MmUiKTbJrxej0+M45y/fz9ANu75nBOovqNO/ECJ75U', '2025-08-11 00:17:34+00', '2025-08-11 00:17:34+00'),
  ('e6aedbdd-3a5a-48ae-9d4f-73f036b05cf6', 'Lorena Nascimento', 'https://randomuser.me/api/portraits/men/46.jpg', 'lorena.nascimento46@email.com', '$argon2id$v=19$m=65536,t=3,p=1$6gfOChNkNc60KiuuEEiurQ$UPEojyMJGeIS1O9Rp6lUUi3cL+/5ZZgFd1+NtLZmQB8', '2025-08-12 00:17:34+00', '2025-08-12 00:17:34+00'),
  ('4f461492-ffc0-4e0c-92b5-c451126660a5', 'Paulo Santos', 'https://randomuser.me/api/portraits/women/47.jpg', 'paulo.santos47@email.com', '$argon2id$v=19$m=65536,t=3,p=1$N2NoldTA+C26ufFxPL6izg$/AL3KCCg7NkTH//2vKlkVLphO3rPPk5sKyHM7nOpG68', '2025-05-08 00:17:34+00', '2025-05-08 00:17:34+00'),
  ('71a59698-14c1-4f18-ba56-81c93c99d1d2', 'Elisa Marques', 'https://randomuser.me/api/portraits/men/48.jpg', 'elisa.marques48@email.com', '$argon2id$v=19$m=65536,t=3,p=1$9MuJvizrLe2GceXzAKaTHA$8MmUiKTbJrxej0+M45y/fz9ANu75nBOovqNO/ECJ75U', '2025-07-04 00:17:34+00', '2025-07-04 00:17:34+00'),
  ('cbf58d56-18f8-4a17-8c5b-dc56cbd6f61d', 'Danilo Sousa', 'https://randomuser.me/api/portraits/women/49.jpg', 'danilo.sousa49@email.com', '$argon2id$v=19$m=65536,t=3,p=1$6gfOChNkNc60KiuuEEiurQ$UPEojyMJGeIS1O9Rp6lUUi3cL+/5ZZgFd1+NtLZmQB8', '2025-04-19 00:17:34+00', '2025-04-19 00:17:34+00');

-- ONGS
INSERT INTO ongs (id, name, slug, cnpj, description, email, phone, category, status, logo_url, banner_url, donation_info, latitude, longitude, created_at, updated_at, deleted_at) VALUES
  ('27f350e7-2b2c-4ba0-b619-1585a506e006', 'Instituto Esperança Viva', 'instituto-esperanca-viva', '12345678000101', 'Apoio a crianças em situação de vulnerabilidade social.', 'contato@institutoesp.org.br', '54938272550', 'Saúde', 'ACTIVE', 'https://picsum.photos/seed/instituto-esperanca-viva/200/200', 'https://picsum.photos/seed/instituto-esperanca-viva-banner/1200/400', 'Chave PIX: 12345678000101 | Banco do Brasil AG 0001 CC 98992-1', -23.55096800, -46.64282106, '2026-02-21 00:17:34+00', '2026-02-21 00:17:34+00', NULL),
  ('7639207a-c43d-4286-b79f-9036d01ec846', 'ONG Amor Sem Fronteiras', 'amor-sem-fronteiras', '23456789000102', 'Assistência a refugiados e imigrantes no Brasil.', 'contato@amorsemfront.org.br', '49911042218', 'Assistência Social', 'ACTIVE', 'https://picsum.photos/seed/amor-sem-fronteiras/200/200', 'https://picsum.photos/seed/amor-sem-fronteiras-banner/1200/400', 'Chave PIX: 23456789000102 | Banco do Brasil AG 0001 CC 47754-7', -22.90146473, -43.18279679, '2025-03-13 00:17:34+00', '2025-03-13 00:17:34+00', NULL),
  ('55fea278-bd11-4faf-8df6-d5d23e740646', 'Casa Verde Sustentável', 'casa-verde-sustentavel', '34567890000103', 'Projetos de educação ambiental e reflorestamento.', 'contato@casaverdesus.org.br', '39987583943', 'Meio Ambiente', 'ACTIVE', 'https://picsum.photos/seed/casa-verde-sustentavel/200/200', 'https://picsum.photos/seed/casa-verde-sustentavel-banner/1200/400', 'Chave PIX: 34567890000103 | Banco do Brasil AG 0001 CC 68916-4', -19.92261174, -43.93846086, '2025-11-17 00:17:34+00', '2025-11-17 00:17:34+00', NULL),
  ('fb5383ec-3406-42f1-b682-8b258c05d3f3', 'Ação Educação Brasil', 'acao-educacao-brasil', '45678901000104', 'Reforço escolar e inclusão digital para jovens de baixa renda.', 'contato@acaoeducacao.org.br', '81963764973', 'Educação', 'ACTIVE', 'https://picsum.photos/seed/acao-educacao-brasil/200/200', 'https://picsum.photos/seed/acao-educacao-brasil-banner/1200/400', 'Chave PIX: 45678901000104 | Banco do Brasil AG 0001 CC 53105-2', -15.78930365, -47.92989863, '2025-06-25 00:17:34+00', '2025-06-25 00:17:34+00', NULL),
  ('1b42b84f-789c-4e1d-88af-fe6f79a242d9', 'Fundação Patas e Corações', 'patas-e-coracoes', '56789012000105', 'Resgate e adoção responsável de animais abandonados.', 'contato@patasecoraco.org.br', '42937862157', 'Animais', 'ACTIVE', 'https://picsum.photos/seed/patas-e-coracoes/200/200', 'https://picsum.photos/seed/patas-e-coracoes-banner/1200/400', 'Chave PIX: 56789012000105 | Banco do Brasil AG 0001 CC 18886-1', -30.01815366, -51.23591200, '2025-05-20 00:17:34+00', '2025-05-20 00:17:34+00', NULL),
  ('d0a75735-879b-4352-a291-64ffd9f4c0fd', 'Instituto Cultural Raízes', 'instituto-cultural-raizes', '67890123000106', 'Preservação da cultura afro-brasileira e indígena.', 'contato@institutocul.org.br', '95968981844', 'Cultura', 'ACTIVE', 'https://picsum.photos/seed/instituto-cultural-raizes/200/200', 'https://picsum.photos/seed/instituto-cultural-raizes-banner/1200/400', 'Chave PIX: 67890123000106 | Banco do Brasil AG 0001 CC 79237-7', -12.96982481, -38.50244048, '2024-12-18 00:17:34+00', '2024-12-18 00:17:34+00', NULL),
  ('a0652bfa-6afa-4013-9860-aeca71142b66', 'Rede Solidária do Nordeste', 'rede-solidaria-nordeste', '78901234000107', 'Combate à fome e distribuição de cestas básicas.', 'contato@redesolidari.org.br', '79992756599', 'Assistência Social', 'ACTIVE', 'https://picsum.photos/seed/rede-solidaria-nordeste/200/200', 'https://picsum.photos/seed/rede-solidaria-nordeste-banner/1200/400', 'Chave PIX: 78901234000107 | Banco do Brasil AG 0001 CC 40673-4', -8.05365769, -34.86879647, '2025-12-13 00:17:34+00', '2025-12-13 00:17:34+00', NULL),
  ('94daff14-7c2e-4193-bf56-268c739aa62c', 'Projeto Voar Alto', 'projeto-voar-alto', '89012345000108', 'Esporte e lazer para crianças em comunidades carentes.', 'contato@projetovoara.org.br', '88979212270', 'Esporte', 'ACTIVE', 'https://picsum.photos/seed/projeto-voar-alto/200/200', 'https://picsum.photos/seed/projeto-voar-alto-banner/1200/400', 'Chave PIX: 89012345000108 | Banco do Brasil AG 0001 CC 77328-3', -3.72473941, -38.53630626, '2025-05-05 00:17:34+00', '2025-05-05 00:17:34+00', NULL),
  ('52ea38a5-6d3d-4ff7-aa59-4786dad2e8cf', 'Saúde Para Todos', 'saude-para-todos', '90123456000109', 'Atendimento médico gratuito em regiões periféricas.', 'contato@saudeparatod.org.br', '84950467768', 'Saúde', 'ACTIVE', 'https://picsum.photos/seed/saude-para-todos/200/200', 'https://picsum.photos/seed/saude-para-todos-banner/1200/400', 'Chave PIX: 90123456000109 | Banco do Brasil AG 0001 CC 75651-8', -23.54534948, -46.64462292, '2025-12-30 00:17:34+00', '2025-12-30 00:17:34+00', NULL),
  ('7701f645-7a2e-4303-a4f6-21373ae725e3', 'ONG Mãos Unidas', 'maos-unidas', '01234567000110', 'Apoio a idosos em situação de abandono.', 'contato@maosunidas.org.br', '77902432542', 'Assistência Social', 'ACTIVE', 'https://picsum.photos/seed/maos-unidas/200/200', 'https://picsum.photos/seed/maos-unidas-banner/1200/400', 'Chave PIX: 01234567000110 | Banco do Brasil AG 0001 CC 59191-6', -22.90852211, -47.06883230, '2025-02-15 00:17:34+00', '2025-02-15 00:17:34+00', NULL),
  ('8d690085-d41b-401e-9165-50b3d4caed0f', 'Movimento Terra Limpa', 'terra-limpa', '11234567000111', 'Coleta seletiva e conscientização ambiental.', 'contato@terralimpa.org.br', '42980765073', 'Meio Ambiente', 'ACTIVE', 'https://picsum.photos/seed/terra-limpa/200/200', 'https://picsum.photos/seed/terra-limpa-banner/1200/400', 'Chave PIX: 11234567000111 | Banco do Brasil AG 0001 CC 27523-6', -25.43582403, -49.27369358, '2025-01-19 00:17:34+00', '2025-01-19 00:17:34+00', NULL),
  ('1483f981-81cd-45c1-92e3-b0cdc63f0a68', 'Instituto Pequenos Heróis', 'pequenos-herois', '21234567000112', 'Suporte emocional e psicológico a crianças hospitalizadas.', 'contato@pequenoshero.org.br', '46929409513', 'Saúde', 'ACTIVE', 'https://picsum.photos/seed/pequenos-herois/200/200', 'https://picsum.photos/seed/pequenos-herois-banner/1200/400', 'Chave PIX: 21234567000112 | Banco do Brasil AG 0001 CC 75075-5', -20.31734428, -40.31630366, '2024-12-24 00:17:34+00', '2024-12-24 00:17:34+00', NULL),
  ('e03256e0-cfa9-47dd-8089-4d38708c2c18', 'Conectar Digital', 'conectar-digital', '31234567000113', 'Inclusão digital para idosos e populações rurais.', 'contato@conectardigi.org.br', '82935882765', 'Educação', 'ACTIVE', 'https://picsum.photos/seed/conectar-digital/200/200', 'https://picsum.photos/seed/conectar-digital-banner/1200/400', 'Chave PIX: 31234567000113 | Banco do Brasil AG 0001 CC 94944-5', -16.67660421, -49.26428451, '2025-11-24 00:17:34+00', '2025-11-24 00:17:34+00', NULL),
  ('5d50771f-c991-4e0b-91ce-a4038677656c', 'ONG Sementes do Futuro', 'sementes-do-futuro', '41234567000114', 'Agricultura familiar e segurança alimentar.', 'contato@sementesdofu.org.br', '96990995298', 'Meio Ambiente', 'ACTIVE', 'https://picsum.photos/seed/sementes-do-futuro/200/200', 'https://picsum.photos/seed/sementes-do-futuro-banner/1200/400', 'Chave PIX: 41234567000114 | Banco do Brasil AG 0001 CC 54638-6', -27.58638432, -48.54408857, '2025-10-16 00:17:34+00', '2025-10-16 00:17:34+00', NULL),
  ('09ec0986-43dd-4544-b762-2a7402b490f3', 'Abrigo Luz da Esperança', 'luz-da-esperanca', '51234567000115', 'Acolhimento de mulheres vítimas de violência doméstica.', 'contato@luzdaesperan.org.br', '87939489950', 'Assistência Social', 'ACTIVE', 'https://picsum.photos/seed/luz-da-esperanca/200/200', 'https://picsum.photos/seed/luz-da-esperanca-banner/1200/400', 'Chave PIX: 51234567000115 | Banco do Brasil AG 0001 CC 54245-2', -5.09031269, -42.79678597, '2025-10-05 00:17:34+00', '2025-10-05 00:17:34+00', NULL),
  ('44f45a8d-1d4f-484a-ac5d-4cff6e53f859', 'Instituto Artes em Cena', 'artes-em-cena', '61234567000116', 'Oficinas de teatro, música e dança para jovens periféricos.', 'contato@artesemcena.org.br', '13932237339', 'Cultura', 'ACTIVE', 'https://picsum.photos/seed/artes-em-cena/200/200', 'https://picsum.photos/seed/artes-em-cena-banner/1200/400', 'Chave PIX: 61234567000116 | Banco do Brasil AG 0001 CC 29390-4', -23.56280850, -46.64262324, '2025-07-13 00:17:34+00', '2025-07-13 00:17:34+00', NULL),
  ('4e351455-3dce-44f9-87f9-ee8c5758952a', 'Amigos dos Animais SP', 'amigos-dos-animais-sp', '71234567000117', 'Vacinação, castração e cuidado de animais de rua.', 'contato@amigosdosani.org.br', '60914441389', 'Animais', 'ACTIVE', 'https://picsum.photos/seed/amigos-dos-animais-sp/200/200', 'https://picsum.photos/seed/amigos-dos-animais-sp-banner/1200/400', 'Chave PIX: 71234567000117 | Banco do Brasil AG 0001 CC 38895-2', -23.55643087, -46.63609143, '2025-12-24 00:17:34+00', '2025-12-24 00:17:34+00', NULL),
  ('4f7b5b6f-3238-4daa-87e5-9fbf19420e10', 'Projeto Cidadania Ativa', 'cidadania-ativa', '81234567000118', 'Educação política e formação de lideranças comunitárias.', 'contato@cidadaniaati.org.br', '49998858829', 'Educação', 'ACTIVE', 'https://picsum.photos/seed/cidadania-ativa/200/200', 'https://picsum.photos/seed/cidadania-ativa-banner/1200/400', 'Chave PIX: 81234567000118 | Banco do Brasil AG 0001 CC 83724-1', -1.44743487, -48.49953853, '2025-06-28 00:17:34+00', '2025-06-28 00:17:34+00', NULL),
  ('216a15d2-4b88-425c-bd96-96a7247045f5', 'ONG Coração de Mãe', 'coracao-de-mae', '91234567000119', 'Apoio a mães em situação de vulnerabilidade com recém-nascidos.', 'contato@coracaodemae.org.br', '57982036418', 'Assistência Social', 'INACTIVE', 'https://picsum.photos/seed/coracao-de-mae/200/200', 'https://picsum.photos/seed/coracao-de-mae-banner/1200/400', 'Chave PIX: 91234567000119 | Banco do Brasil AG 0001 CC 44833-1', -19.82133822, -43.94429848, '2025-12-20 00:17:34+00', '2025-12-20 00:17:34+00', NULL),
  ('998bf0f5-5414-480d-a7f7-ffd8aa657c16', 'Instituto Verde Mata', 'verde-mata', '10234567000120', 'Conservação de biomas brasileiros e educação ambiental.', 'contato@verdemata.org.br', '40971308032', 'Meio Ambiente', 'ACTIVE', 'https://picsum.photos/seed/verde-mata/200/200', 'https://picsum.photos/seed/verde-mata-banner/1200/400', 'Chave PIX: 10234567000120 | Banco do Brasil AG 0001 CC 55902-6', -22.20556510, -45.93725431, '2025-07-12 00:17:34+00', '2025-07-12 00:17:34+00', NULL);

-- ONG_ADMINISTRATORS
INSERT INTO ong_administrators (user_id, ong_id, is_creator, assigned_at) VALUES
  ('ca619f60-e9c1-444b-87bc-8e895c0d57ad', '27f350e7-2b2c-4ba0-b619-1585a506e006', TRUE, '2026-02-21 00:17:34+00'),
  ('13bfb2a6-af30-4042-9153-e5f305afe965', '27f350e7-2b2c-4ba0-b619-1585a506e006', FALSE, '2026-01-20 00:17:34+00'),
  ('81e952ba-1dae-4257-ad02-da0170afb268', '7639207a-c43d-4286-b79f-9036d01ec846', TRUE, '2025-03-13 00:17:34+00'),
  ('c12b1e6c-f245-47dc-9325-1dbd9d9d6749', '7639207a-c43d-4286-b79f-9036d01ec846', FALSE, '2025-07-02 00:17:34+00'),
  ('ba581aaf-22c1-4657-9449-f0e0e6a4c510', '7639207a-c43d-4286-b79f-9036d01ec846', FALSE, '2026-03-15 00:17:34+00'),
  ('990387e5-526a-4143-803e-c3cb438f3553', '55fea278-bd11-4faf-8df6-d5d23e740646', TRUE, '2025-11-17 00:17:34+00'),
  ('cbf58d56-18f8-4a17-8c5b-dc56cbd6f61d', '55fea278-bd11-4faf-8df6-d5d23e740646', FALSE, '2026-03-19 00:17:34+00'),
  ('215d2f20-5868-4d1f-8b5d-e5cd9f86d04e', 'fb5383ec-3406-42f1-b682-8b258c05d3f3', TRUE, '2025-06-25 00:17:34+00'),
  ('3251b95b-e151-49fc-9016-aa50c8d6c1fb', 'fb5383ec-3406-42f1-b682-8b258c05d3f3', FALSE, '2026-02-17 00:17:34+00'),
  ('bdaead73-8170-4f45-83e3-ba833e13b23f', '1b42b84f-789c-4e1d-88af-fe6f79a242d9', TRUE, '2025-05-20 00:17:34+00'),
  ('6e0d6e60-71e0-4eda-adb6-e7e8f066cfd7', '1b42b84f-789c-4e1d-88af-fe6f79a242d9', FALSE, '2026-03-26 00:17:34+00'),
  ('29aacbc7-3748-476e-a9e6-40e17be3773c', '1b42b84f-789c-4e1d-88af-fe6f79a242d9', FALSE, '2025-11-13 00:17:34+00'),
  ('0f250614-ed77-4ae0-9a75-52b1e4b0071f', 'd0a75735-879b-4352-a291-64ffd9f4c0fd', TRUE, '2024-12-18 00:17:34+00'),
  ('e0184fb5-f264-4105-8fa9-85fc0a4055e1', 'd0a75735-879b-4352-a291-64ffd9f4c0fd', FALSE, '2026-01-04 00:17:34+00'),
  ('8392c495-3a8f-455b-8fbb-f2479e957d91', 'a0652bfa-6afa-4013-9860-aeca71142b66', TRUE, '2025-12-13 00:17:34+00'),
  ('273af719-0797-44a5-ac12-def38897cd8b', 'a0652bfa-6afa-4013-9860-aeca71142b66', FALSE, '2025-06-28 00:17:34+00'),
  ('f6f99ebd-7df5-4625-b774-03232f8014f9', 'a0652bfa-6afa-4013-9860-aeca71142b66', FALSE, '2025-09-02 00:17:34+00'),
  ('c12b1e6c-f245-47dc-9325-1dbd9d9d6749', '94daff14-7c2e-4193-bf56-268c739aa62c', TRUE, '2025-05-05 00:17:34+00'),
  ('29aacbc7-3748-476e-a9e6-40e17be3773c', '94daff14-7c2e-4193-bf56-268c739aa62c', FALSE, '2025-10-03 00:17:34+00'),
  ('c3e35b63-b542-4510-a7c6-df88849a76e2', '52ea38a5-6d3d-4ff7-aa59-4786dad2e8cf', TRUE, '2025-12-30 00:17:34+00'),
  ('3ade0f95-a244-4ef3-a899-0d967e1489ca', '52ea38a5-6d3d-4ff7-aa59-4786dad2e8cf', FALSE, '2026-04-12 00:17:34+00'),
  ('a08e04eb-c0e7-4f3c-943e-8743d793070d', '7701f645-7a2e-4303-a4f6-21373ae725e3', TRUE, '2025-02-15 00:17:34+00'),
  ('4a7fca2d-5952-496e-8f81-900f436b06b8', '7701f645-7a2e-4303-a4f6-21373ae725e3', FALSE, '2025-12-06 00:17:34+00'),
  ('ba581aaf-22c1-4657-9449-f0e0e6a4c510', '7701f645-7a2e-4303-a4f6-21373ae725e3', FALSE, '2025-12-09 00:17:34+00'),
  ('a305bf32-620f-48b5-83d8-50c7adaebe38', '8d690085-d41b-401e-9165-50b3d4caed0f', TRUE, '2025-01-19 00:17:34+00'),
  ('365e2d3a-5ec6-4aff-b9af-e44e2fc4bfe6', '8d690085-d41b-401e-9165-50b3d4caed0f', FALSE, '2025-10-28 00:17:34+00'),
  ('3251b95b-e151-49fc-9016-aa50c8d6c1fb', '8d690085-d41b-401e-9165-50b3d4caed0f', FALSE, '2026-02-10 00:17:34+00'),
  ('f27b3692-3ec2-4c65-847e-0771ff88d513', '1483f981-81cd-45c1-92e3-b0cdc63f0a68', TRUE, '2024-12-24 00:17:34+00'),
  ('ca619f60-e9c1-444b-87bc-8e895c0d57ad', '1483f981-81cd-45c1-92e3-b0cdc63f0a68', FALSE, '2025-07-31 00:17:34+00'),
  ('8392c495-3a8f-455b-8fbb-f2479e957d91', '1483f981-81cd-45c1-92e3-b0cdc63f0a68', FALSE, '2025-08-28 00:17:34+00'),
  ('13bfb2a6-af30-4042-9153-e5f305afe965', 'e03256e0-cfa9-47dd-8089-4d38708c2c18', TRUE, '2025-11-24 00:17:34+00'),
  ('a08e04eb-c0e7-4f3c-943e-8743d793070d', 'e03256e0-cfa9-47dd-8089-4d38708c2c18', FALSE, '2026-02-14 00:17:34+00'),
  ('cf56ab37-9137-44b9-96e3-afe605543698', '5d50771f-c991-4e0b-91ce-a4038677656c', TRUE, '2025-10-16 00:17:34+00'),
  ('ee14671c-9565-4eb0-8811-882f05314084', '5d50771f-c991-4e0b-91ce-a4038677656c', FALSE, '2025-07-28 00:17:34+00'),
  ('ee14671c-9565-4eb0-8811-882f05314084', '09ec0986-43dd-4544-b762-2a7402b490f3', TRUE, '2025-10-05 00:17:34+00'),
  ('bdaead73-8170-4f45-83e3-ba833e13b23f', '09ec0986-43dd-4544-b762-2a7402b490f3', FALSE, '2025-07-25 00:17:34+00'),
  ('273af719-0797-44a5-ac12-def38897cd8b', '44f45a8d-1d4f-484a-ac5d-4cff6e53f859', TRUE, '2025-07-13 00:17:34+00'),
  ('c54c312a-a323-49b5-9986-72511abc4feb', '44f45a8d-1d4f-484a-ac5d-4cff6e53f859', FALSE, '2026-03-30 00:17:34+00'),
  ('3251b95b-e151-49fc-9016-aa50c8d6c1fb', '4e351455-3dce-44f9-87f9-ee8c5758952a', TRUE, '2025-12-24 00:17:34+00'),
  ('81e952ba-1dae-4257-ad02-da0170afb268', '4e351455-3dce-44f9-87f9-ee8c5758952a', FALSE, '2025-12-20 00:17:34+00'),
  ('f6f99ebd-7df5-4625-b774-03232f8014f9', '4e351455-3dce-44f9-87f9-ee8c5758952a', FALSE, '2026-04-06 00:17:34+00'),
  ('29aacbc7-3748-476e-a9e6-40e17be3773c', '4f7b5b6f-3238-4daa-87e5-9fbf19420e10', TRUE, '2025-06-28 00:17:34+00'),
  ('453bf733-0036-40c4-9283-fc1722e213b5', '4f7b5b6f-3238-4daa-87e5-9fbf19420e10', FALSE, '2026-01-19 00:17:34+00'),
  ('f27b3692-3ec2-4c65-847e-0771ff88d513', '4f7b5b6f-3238-4daa-87e5-9fbf19420e10', FALSE, '2025-10-08 00:17:34+00'),
  ('be3d5837-6505-4a05-a4e7-c5e6bb0d2373', '216a15d2-4b88-425c-bd96-96a7247045f5', TRUE, '2025-12-20 00:17:34+00'),
  ('1cff449e-ee38-4f69-b8eb-37c09ebd7c38', '216a15d2-4b88-425c-bd96-96a7247045f5', FALSE, '2026-01-08 00:17:34+00'),
  ('e0184fb5-f264-4105-8fa9-85fc0a4055e1', '998bf0f5-5414-480d-a7f7-ffd8aa657c16', TRUE, '2025-07-12 00:17:34+00'),
  ('a65ddc4c-d5c2-47b9-bf00-46f47289b117', '998bf0f5-5414-480d-a7f7-ffd8aa657c16', FALSE, '2025-11-19 00:17:34+00');

-- TAGS
INSERT INTO tags (id, name) VALUES
  ('5544b545-cb21-43fd-9230-216d6a1ad3dd', 'voluntariado'),
  ('74bc7582-587a-4e88-b7c0-8a1176b7866e', 'doação'),
  ('18d814de-2ff0-4b4a-9601-280660e9dd36', 'crianças'),
  ('5450c12a-b06b-4b24-9c1b-a842ce7eb724', 'idosos'),
  ('5f1ba667-00aa-4e99-a2ef-2fabe3aaae90', 'animais'),
  ('b751c606-23df-4b68-9749-f4d63c895994', 'meio ambiente'),
  ('455bf954-d971-465d-a166-4edcfaac3662', 'educação'),
  ('68042ae5-2969-4f25-bf65-c436f4dd1977', 'saúde'),
  ('99d226e7-403f-476e-88bc-8f9cafdfcca1', 'cultura'),
  ('592a1e00-7110-4cb5-a0ba-1a06b7e3c41e', 'esporte'),
  ('4aaf5b77-164f-4644-9369-bc0071cf6bdf', 'refugiados'),
  ('7cd45604-2567-4c22-b6f1-3bb46501eb67', 'fome zero'),
  ('113e0d3c-8ba0-4cdd-9f0b-15fcbc01c29a', 'reciclagem'),
  ('346f470d-c623-47f8-8858-eff014cf06b8', 'teatro'),
  ('a49a6011-4ec4-48fd-96ab-cdd16eadc385', 'música'),
  ('e78755d4-59d8-4ae1-9956-4563530da19a', 'dança'),
  ('7f9aad4c-235a-4b27-ae12-00b1d98e8a34', 'inclusão digital'),
  ('53faeb6a-5f4e-47cb-8fd8-94847ace7241', 'agricultura'),
  ('c9ce316b-f05d-4a51-8a81-5ee3a73eea81', 'mulheres'),
  ('e2d2d58c-eb34-437a-9861-c4d24d83d288', 'violência doméstica'),
  ('d8f697d3-1142-40e9-9405-afa453a20be1', 'psicologia'),
  ('0cc2b5cf-b5bc-42ff-9b0a-ad36044efff2', 'comunidade'),
  ('3de520aa-3a3b-425b-b296-2b69dcaac92e', 'reflorestamento'),
  ('ba459fc6-a504-4df0-ba32-cb6f2c79e5a9', 'adoção'),
  ('acee9d30-3a76-4ca6-8d02-bdc24903742b', 'castração'),
  ('4c7ff40c-7439-48c3-942c-3d39677656db', 'vacinação'),
  ('69581990-9fc5-42fe-8016-32e40c8b9c82', 'liderança'),
  ('4ca93a0d-193d-4181-b7ed-3579e6944ce5', 'arte'),
  ('16245bef-a7e6-4919-8293-7e0476584835', 'sustentabilidade'),
  ('c462717b-d89a-4ba6-9713-2c2fc8b4d515', 'acessibilidade');

-- EVENTS
INSERT INTO events (id, ong_id, created_by_user_id, title, slug, description, status, cover_url, external_link, donation_info, donation_external_link, accepts_volunteers, max_volunteers, latitude, longitude, address_label, starts_at, ends_at, created_at, updated_at, deleted_at) VALUES
  ('d4abe6ff-3acb-4e2e-be73-617afd272fc3', '27f350e7-2b2c-4ba0-b619-1585a506e006', 'ca619f60-e9c1-444b-87bc-8e895c0d57ad', 'Bazar Solidário de Roupas', 'bazar-solidario-roupas-1', 'Venha participar do evento ''Bazar Solidário de Roupas'' promovido pela Instituto Esperança Viva. Sua presença faz a diferença!', 'PUBLISHED', 'https://picsum.photos/seed/event0/1200/600', NULL, NULL, NULL, TRUE, 12, -23.54296153, -46.63853884, 'Rua das Flores 655, Curitiba', '2026-05-31 00:17:34+00', '2026-05-31 04:17:34+00', '2025-12-07 00:17:34+00', '2025-12-07 00:17:34+00', NULL),
  ('2f28e092-e796-424a-b103-6839296f0b61', '7639207a-c43d-4286-b79f-9036d01ec846', '81e952ba-1dae-4257-ad02-da0170afb268', 'Mutirão de Limpeza do Parque', 'mutirao-limpeza-parque-2', 'Venha participar do evento ''Mutirão de Limpeza do Parque'' promovido pela ONG Amor Sem Fronteiras. Sua presença faz a diferença!', 'PUBLISHED', 'https://picsum.photos/seed/event1/1200/600', NULL, 'Aceitamos doações presenciais ou via PIX: 23456789000102', NULL, FALSE, NULL, -22.88576581, -43.16724247, 'Rua da Paz 194, Curitiba', '2026-06-17 00:17:34+00', '2026-06-17 09:17:34+00', '2026-02-24 00:17:34+00', '2026-02-24 00:17:34+00', NULL),
  ('206e00b4-5d5b-412c-964b-e821b9b03c87', '55fea278-bd11-4faf-8df6-d5d23e740646', '990387e5-526a-4143-803e-c3cb438f3553', 'Feira de Adoção de Animais', 'feira-adocao-animais-3', 'Venha participar do evento ''Feira de Adoção de Animais'' promovido pela Casa Verde Sustentável. Sua presença faz a diferença!', 'FINISHED', 'https://picsum.photos/seed/event2/1200/600', NULL, NULL, NULL, TRUE, 57, -19.93993426, -43.92377749, 'Rua São João 586, Rio de Janeiro', '2026-03-29 00:17:34+00', '2026-03-29 07:17:34+00', '2025-12-14 00:17:34+00', '2025-12-14 00:17:34+00', NULL),
  ('6f630d81-1a2c-4099-a652-09008bdd7234', 'fb5383ec-3406-42f1-b682-8b258c05d3f3', '215d2f20-5868-4d1f-8b5d-e5cd9f86d04e', 'Campanha de Vacinação Antirrábica', 'vacinacao-antirrabica-4', 'Venha participar do evento ''Campanha de Vacinação Antirrábica'' promovido pela Ação Educação Brasil. Sua presença faz a diferença!', 'PUBLISHED', 'https://picsum.photos/seed/event3/1200/600', NULL, 'Aceitamos doações presenciais ou via PIX: 45678901000104', NULL, TRUE, 16, -15.78044613, -47.92800729, 'Rua São João 783, Rio de Janeiro', '2026-05-02 00:17:34+00', '2026-05-02 07:17:34+00', '2025-10-20 00:17:34+00', '2025-10-20 00:17:34+00', NULL),
  ('e18e4b1b-5c96-43be-8bac-c063e0d315eb', '1b42b84f-789c-4e1d-88af-fe6f79a242d9', 'bdaead73-8170-4f45-83e3-ba833e13b23f', 'Workshop de Inclusão Digital', 'workshop-inclusao-digital-5', 'Venha participar do evento ''Workshop de Inclusão Digital'' promovido pela Fundação Patas e Corações. Sua presença faz a diferença!', 'PUBLISHED', 'https://picsum.photos/seed/event4/1200/600', NULL, 'Aceitamos doações presenciais ou via PIX: 56789012000105', NULL, TRUE, 43, -30.00178525, -51.22611664, 'Rua da Paz 943, Salvador', '2026-07-22 00:17:34+00', '2026-07-22 08:17:34+00', '2026-01-27 00:17:34+00', '2026-01-27 00:17:34+00', NULL),
  ('2e7cf65d-2ce8-4b63-8d92-e5638a10e17f', 'd0a75735-879b-4352-a291-64ffd9f4c0fd', '0f250614-ed77-4ae0-9a75-52b1e4b0071f', 'Torneio de Futebol Solidário', 'torneio-futebol-solidario-6', 'Venha participar do evento ''Torneio de Futebol Solidário'' promovido pela Instituto Cultural Raízes. Sua presença faz a diferença!', 'FINISHED', 'https://picsum.photos/seed/event5/1200/600', NULL, 'Aceitamos doações presenciais ou via PIX: 67890123000106', NULL, TRUE, 23, -12.97978945, -38.52118934, 'Rua da Paz 728, Salvador', '2026-03-15 00:17:34+00', '2026-03-15 07:17:34+00', '2026-02-17 00:17:34+00', '2026-02-17 00:17:34+00', NULL),
  ('37267389-ce0f-4472-b429-b05533f6ca9a', 'a0652bfa-6afa-4013-9860-aeca71142b66', '8392c495-3a8f-455b-8fbb-f2479e957d91', 'Noite de Gala para Arrecadação', 'noite-gala-arrecadacao-7', 'Venha participar do evento ''Noite de Gala para Arrecadação'' promovido pela Rede Solidária do Nordeste. Sua presença faz a diferença!', 'PUBLISHED', 'https://picsum.photos/seed/event6/1200/600', NULL, NULL, NULL, TRUE, 22, -8.03867300, -34.84909942, 'Rua Boa Vista 898, Rio de Janeiro', '2026-05-21 00:17:34+00', '2026-05-21 09:17:34+00', '2025-10-06 00:17:34+00', '2025-10-06 00:17:34+00', NULL),
  ('efaa71d8-09e5-425d-9a38-92e97540b620', '94daff14-7c2e-4193-bf56-268c739aa62c', 'c12b1e6c-f245-47dc-9325-1dbd9d9d6749', 'Plantio de Mudas Nativas', 'plantio-mudas-nativas-8', 'Venha participar do evento ''Plantio de Mudas Nativas'' promovido pela Projeto Voar Alto. Sua presença faz a diferença!', 'PUBLISHED', 'https://picsum.photos/seed/event7/1200/600', NULL, 'Aceitamos doações presenciais ou via PIX: 89012345000108', NULL, FALSE, NULL, -3.73002262, -38.53164251, 'Rua das Acácias 706, Rio de Janeiro', '2026-05-12 00:17:34+00', '2026-05-12 08:17:34+00', '2026-02-17 00:17:34+00', '2026-02-17 00:17:34+00', NULL),
  ('6108ef54-986e-4d32-bcec-d1783314825e', '52ea38a5-6d3d-4ff7-aa59-4786dad2e8cf', 'c3e35b63-b542-4510-a7c6-df88849a76e2', 'Curso de Capacitação Profissional', 'curso-capacitacao-profissional-9', 'Venha participar do evento ''Curso de Capacitação Profissional'' promovido pela Saúde Para Todos. Sua presença faz a diferença!', 'PUBLISHED', 'https://picsum.photos/seed/event8/1200/600', 'https://www.sympla.com.br/curso-capacitacao-profissional', NULL, NULL, TRUE, 56, -23.52729703, -46.65960224, 'Rua das Flores 349, Rio de Janeiro', '2026-08-21 00:17:34+00', '2026-08-21 04:17:34+00', '2026-01-17 00:17:34+00', '2026-01-17 00:17:34+00', NULL),
  ('0c9e0787-6396-466b-9989-bb34d92434e4', '7701f645-7a2e-4303-a4f6-21373ae725e3', 'a08e04eb-c0e7-4f3c-943e-8743d793070d', 'Caminhada pela Paz', 'caminhada-pela-paz-10', 'Venha participar do evento ''Caminhada pela Paz'' promovido pela ONG Mãos Unidas. Sua presença faz a diferença!', 'FINISHED', 'https://picsum.photos/seed/event9/1200/600', 'https://www.sympla.com.br/caminhada-pela-paz', 'Aceitamos doações presenciais ou via PIX: 01234567000110', NULL, TRUE, 87, -22.90106463, -47.06896436, 'Rua das Acácias 990, Rio de Janeiro', '2025-12-05 00:17:34+00', '2025-12-05 02:17:34+00', '2025-11-19 00:17:34+00', '2025-11-19 00:17:34+00', NULL),
  ('d2e85dfc-1204-44bd-b60b-855e272ef68f', '8d690085-d41b-401e-9165-50b3d4caed0f', 'a305bf32-620f-48b5-83d8-50c7adaebe38', 'Distribuição de Cestas Básicas', 'distribuicao-cestas-basicas-11', 'Venha participar do evento ''Distribuição de Cestas Básicas'' promovido pela Movimento Terra Limpa. Sua presença faz a diferença!', 'PUBLISHED', 'https://picsum.photos/seed/event10/1200/600', 'https://www.sympla.com.br/distribuicao-cestas-basicas', NULL, NULL, FALSE, NULL, -25.43967677, -49.27906100, 'Rua das Flores 905, Belo Horizonte', '2026-05-04 00:17:34+00', '2026-05-04 08:17:34+00', '2025-12-04 00:17:34+00', '2025-12-04 00:17:34+00', NULL),
  ('621b42d1-3026-486f-b05b-a0f54fdff2da', '1483f981-81cd-45c1-92e3-b0cdc63f0a68', 'f27b3692-3ec2-4c65-847e-0771ff88d513', 'Show Beneficente de Música', 'show-beneficente-musica-12', 'Venha participar do evento ''Show Beneficente de Música'' promovido pela Instituto Pequenos Heróis. Sua presença faz a diferença!', 'FINISHED', 'https://picsum.photos/seed/event11/1200/600', 'https://www.sympla.com.br/show-beneficente-musica', 'Aceitamos doações presenciais ou via PIX: 21234567000112', NULL, TRUE, 51, -20.31398508, -40.32834750, 'Rua Boa Vista 127, Curitiba', '2026-02-08 00:17:34+00', '2026-02-08 04:17:34+00', '2025-12-19 00:17:34+00', '2025-12-19 00:17:34+00', NULL),
  ('c64e0e3b-b066-44de-a3fd-946ccd925a7d', 'e03256e0-cfa9-47dd-8089-4d38708c2c18', '13bfb2a6-af30-4042-9153-e5f305afe965', 'Corrida Solidária 5km', 'corrida-solidaria-5km-13', 'Venha participar do evento ''Corrida Solidária 5km'' promovido pela Conectar Digital. Sua presença faz a diferença!', 'PUBLISHED', 'https://picsum.photos/seed/event12/1200/600', NULL, 'Aceitamos doações presenciais ou via PIX: 31234567000113', NULL, TRUE, 57, -16.68329572, -49.26699960, 'Rua Boa Vista 516, Curitiba', '2026-05-07 00:17:34+00', '2026-05-07 06:17:34+00', '2025-11-27 00:17:34+00', '2025-11-27 00:17:34+00', NULL),
  ('a1e35647-2e61-4142-a545-3cb8703ab67e', '5d50771f-c991-4e0b-91ce-a4038677656c', 'cf56ab37-9137-44b9-96e3-afe605543698', 'Exposição de Arte Comunitária', 'exposicao-arte-comunitaria-14', 'Venha participar do evento ''Exposição de Arte Comunitária'' promovido pela ONG Sementes do Futuro. Sua presença faz a diferença!', 'PUBLISHED', 'https://picsum.photos/seed/event13/1200/600', 'https://www.sympla.com.br/exposicao-arte-comunitaria', NULL, NULL, TRUE, 43, -27.56794691, -48.53853746, 'Rua São João 458, Belo Horizonte', '2026-07-01 00:17:34+00', '2026-07-01 07:17:34+00', '2025-10-22 00:17:34+00', '2025-10-22 00:17:34+00', NULL),
  ('1f274009-2279-49f4-8590-8c22d358174e', '09ec0986-43dd-4544-b762-2a7402b490f3', 'ee14671c-9565-4eb0-8811-882f05314084', 'Palestra sobre Saúde Mental', 'palestra-saude-mental-15', 'Venha participar do evento ''Palestra sobre Saúde Mental'' promovido pela Abrigo Luz da Esperança. Sua presença faz a diferença!', 'PUBLISHED', 'https://picsum.photos/seed/event14/1200/600', NULL, NULL, NULL, TRUE, 64, -5.08321417, -42.81045401, 'Rua da Paz 247, Salvador', '2026-07-10 00:17:34+00', '2026-07-10 07:17:34+00', '2026-01-05 00:17:34+00', '2026-01-05 00:17:34+00', NULL),
  ('3fb37eca-6615-4c11-88c3-b9d41172b1f9', '44f45a8d-1d4f-484a-ac5d-4cff6e53f859', '273af719-0797-44a5-ac12-def38897cd8b', 'Roda de Conversa com Refugiados', 'roda-conversa-refugiados-16', 'Venha participar do evento ''Roda de Conversa com Refugiados'' promovido pela Instituto Artes em Cena. Sua presença faz a diferença!', 'PUBLISHED', 'https://picsum.photos/seed/event15/1200/600', NULL, 'Aceitamos doações presenciais ou via PIX: 61234567000116', NULL, TRUE, 74, -23.57018578, -46.65149884, 'Rua Boa Vista 941, São Paulo', '2026-07-05 00:17:34+00', '2026-07-05 03:17:34+00', '2025-11-08 00:17:34+00', '2025-11-08 00:17:34+00', NULL),
  ('8efcb9f6-cfe5-4669-8226-47b6ce6e8093', '4e351455-3dce-44f9-87f9-ee8c5758952a', '3251b95b-e151-49fc-9016-aa50c8d6c1fb', 'Festival Gastronômico Solidário', 'festival-gastronomico-solidario-17', 'Venha participar do evento ''Festival Gastronômico Solidário'' promovido pela Amigos dos Animais SP. Sua presença faz a diferença!', 'FINISHED', 'https://picsum.photos/seed/event16/1200/600', 'https://www.sympla.com.br/festival-gastronomico-solidario', NULL, NULL, TRUE, 24, -23.54437937, -46.63575325, 'Rua das Flores 300, Salvador', '2025-10-31 00:17:34+00', '2025-10-31 06:17:34+00', '2025-12-21 00:17:34+00', '2025-12-21 00:17:34+00', NULL),
  ('2b5c3241-f742-46ac-a870-930b94107223', '4f7b5b6f-3238-4daa-87e5-9fbf19420e10', '29aacbc7-3748-476e-a9e6-40e17be3773c', 'Hackathon para o Bem', 'hackathon-para-o-bem-18', 'Venha participar do evento ''Hackathon para o Bem'' promovido pela Projeto Cidadania Ativa. Sua presença faz a diferença!', 'PUBLISHED', 'https://picsum.photos/seed/event17/1200/600', NULL, 'Aceitamos doações presenciais ou via PIX: 81234567000118', NULL, FALSE, NULL, -1.42758394, -48.49397208, 'Rua da Paz 589, São Paulo', '2026-07-07 00:17:34+00', '2026-07-07 05:17:34+00', '2026-01-12 00:17:34+00', '2026-01-12 00:17:34+00', NULL),
  ('7af7a1c7-0aef-4aa1-b9ce-584c31e80420', '216a15d2-4b88-425c-bd96-96a7247045f5', 'be3d5837-6505-4a05-a4e7-c5e6bb0d2373', 'Tarde de Leitura para Crianças', 'tarde-leitura-criancas-19', 'Venha participar do evento ''Tarde de Leitura para Crianças'' promovido pela ONG Coração de Mãe. Sua presença faz a diferença!', 'PUBLISHED', 'https://picsum.photos/seed/event18/1200/600', NULL, 'Aceitamos doações presenciais ou via PIX: 91234567000119', NULL, TRUE, 72, -19.83224756, -43.94428147, 'Rua São João 945, Curitiba', '2026-04-27 00:17:34+00', '2026-04-27 05:17:34+00', '2026-02-05 00:17:34+00', '2026-02-05 00:17:34+00', NULL),
  ('0d40ee77-f9e3-4ab3-aa12-1a18f0e0e865', '998bf0f5-5414-480d-a7f7-ffd8aa657c16', 'e0184fb5-f264-4105-8fa9-85fc0a4055e1', 'Bazarzinho da Saúde', 'bazarzinho-saude-20', 'Venha participar do evento ''Bazarzinho da Saúde'' promovido pela Instituto Verde Mata. Sua presença faz a diferença!', 'PUBLISHED', 'https://picsum.photos/seed/event19/1200/600', NULL, 'Aceitamos doações presenciais ou via PIX: 10234567000120', NULL, TRUE, 51, -22.19513261, -45.92086731, 'Rua das Flores 136, Curitiba', '2026-08-09 00:17:34+00', '2026-08-09 10:17:34+00', '2025-10-09 00:17:34+00', '2025-10-09 00:17:34+00', NULL),
  ('b0f77281-ba6a-4a82-8deb-35d0e81c5c96', '27f350e7-2b2c-4ba0-b619-1585a506e006', 'ca619f60-e9c1-444b-87bc-8e895c0d57ad', 'Encontro de Líderes Comunitários', 'encontro-lideres-comunitarios-21', 'Venha participar do evento ''Encontro de Líderes Comunitários'' promovido pela Instituto Esperança Viva. Sua presença faz a diferença!', 'PUBLISHED', 'https://picsum.photos/seed/event20/1200/600', 'https://www.sympla.com.br/encontro-lideres-comunitarios', 'Aceitamos doações presenciais ou via PIX: 12345678000101', NULL, TRUE, 99, -23.53904620, -46.63141483, 'Rua Boa Vista 124, Rio de Janeiro', '2026-07-02 00:17:34+00', '2026-07-02 07:17:34+00', '2026-02-07 00:17:34+00', '2026-02-07 00:17:34+00', NULL),
  ('5244800d-2652-4db9-97ba-3621fd3ec508', '7639207a-c43d-4286-b79f-9036d01ec846', '81e952ba-1dae-4257-ad02-da0170afb268', 'Cinema ao Ar Livre', 'cinema-ao-ar-livre-22', 'Venha participar do evento ''Cinema ao Ar Livre'' promovido pela ONG Amor Sem Fronteiras. Sua presença faz a diferença!', 'PUBLISHED', 'https://picsum.photos/seed/event21/1200/600', NULL, 'Aceitamos doações presenciais ou via PIX: 23456789000102', NULL, TRUE, 74, -22.90479332, -43.16573473, 'Rua São João 220, Belo Horizonte', '2026-07-07 00:17:34+00', '2026-07-07 03:17:34+00', '2026-02-26 00:17:34+00', '2026-02-26 00:17:34+00', NULL),
  ('71bb912d-71a2-46ca-acee-eb1587f1c5d8', '55fea278-bd11-4faf-8df6-d5d23e740646', '990387e5-526a-4143-803e-c3cb438f3553', 'Coleta de Eletrônicos para Reciclagem', 'coleta-eletronicos-reciclagem-23', 'Venha participar do evento ''Coleta de Eletrônicos para Reciclagem'' promovido pela Casa Verde Sustentável. Sua presença faz a diferença!', 'PUBLISHED', 'https://picsum.photos/seed/event22/1200/600', NULL, 'Aceitamos doações presenciais ou via PIX: 34567890000103', NULL, FALSE, NULL, -19.94046700, -43.95048972, 'Rua São João 112, Rio de Janeiro', '2026-08-12 00:17:34+00', '2026-08-12 02:17:34+00', '2026-01-27 00:17:34+00', '2026-01-27 00:17:34+00', NULL),
  ('17584c23-bd47-4360-99cc-6d912a9a4684', 'fb5383ec-3406-42f1-b682-8b258c05d3f3', '215d2f20-5868-4d1f-8b5d-e5cd9f86d04e', 'Oficina de Artesanato Sustentável', 'oficina-artesanato-sustentavel-24', 'Venha participar do evento ''Oficina de Artesanato Sustentável'' promovido pela Ação Educação Brasil. Sua presença faz a diferença!', 'PUBLISHED', 'https://picsum.photos/seed/event23/1200/600', NULL, NULL, NULL, TRUE, 51, -15.79759299, -47.92492968, 'Rua das Flores 231, Salvador', '2026-06-04 00:17:34+00', '2026-06-04 09:17:34+00', '2025-12-31 00:17:34+00', '2025-12-31 00:17:34+00', NULL),
  ('f3b8ee54-904d-4e33-bd74-909fae2922e8', '1b42b84f-789c-4e1d-88af-fe6f79a242d9', 'bdaead73-8170-4f45-83e3-ba833e13b23f', 'Peça Teatral Beneficente', 'peca-teatral-beneficente-25', 'Venha participar do evento ''Peça Teatral Beneficente'' promovido pela Fundação Patas e Corações. Sua presença faz a diferença!', 'PUBLISHED', 'https://picsum.photos/seed/event24/1200/600', 'https://www.sympla.com.br/peca-teatral-beneficente', 'Aceitamos doações presenciais ou via PIX: 56789012000105', NULL, TRUE, 78, -30.01544353, -51.24786912, 'Rua Boa Vista 929, Curitiba', '2026-06-07 00:17:34+00', '2026-06-07 04:17:34+00', '2026-02-26 00:17:34+00', '2026-02-26 00:17:34+00', NULL),
  ('39f85c24-60a1-4464-9d76-4281d933808e', 'd0a75735-879b-4352-a291-64ffd9f4c0fd', '0f250614-ed77-4ae0-9a75-52b1e4b0071f', 'Doação de Sangue Solidária', 'doacao-sangue-solidaria-26', 'Venha participar do evento ''Doação de Sangue Solidária'' promovido pela Instituto Cultural Raízes. Sua presença faz a diferença!', 'PUBLISHED', 'https://picsum.photos/seed/event25/1200/600', NULL, 'Aceitamos doações presenciais ou via PIX: 67890123000106', NULL, FALSE, NULL, -12.95476407, -38.48474285, 'Rua da Paz 402, Rio de Janeiro', '2026-08-02 00:17:34+00', '2026-08-02 03:17:34+00', '2025-10-18 00:17:34+00', '2025-10-18 00:17:34+00', NULL),
  ('a567747d-67b8-45a1-b2ff-b41227662135', 'a0652bfa-6afa-4013-9860-aeca71142b66', '8392c495-3a8f-455b-8fbb-f2479e957d91', 'Formatura de Jovens Aprendizes', 'formatura-jovens-aprendizes-27', 'Venha participar do evento ''Formatura de Jovens Aprendizes'' promovido pela Rede Solidária do Nordeste. Sua presença faz a diferença!', 'PUBLISHED', 'https://picsum.photos/seed/event26/1200/600', 'https://www.sympla.com.br/formatura-jovens-aprendizes', 'Aceitamos doações presenciais ou via PIX: 78901234000107', NULL, TRUE, 84, -8.05347051, -34.88319382, 'Rua das Acácias 608, São Paulo', '2026-05-25 00:17:34+00', '2026-05-25 03:17:34+00', '2025-11-03 00:17:34+00', '2025-11-03 00:17:34+00', NULL),
  ('1ceeaab4-604b-458e-9577-13df257d63af', '94daff14-7c2e-4193-bf56-268c739aa62c', 'c12b1e6c-f245-47dc-9325-1dbd9d9d6749', 'Dia de Pintura Mural na Comunidade', 'dia-pintura-mural-comunidade-28', 'Venha participar do evento ''Dia de Pintura Mural na Comunidade'' promovido pela Projeto Voar Alto. Sua presença faz a diferença!', 'PUBLISHED', 'https://picsum.photos/seed/event27/1200/600', 'https://www.sympla.com.br/dia-pintura-mural-comunidade', 'Aceitamos doações presenciais ou via PIX: 89012345000108', NULL, FALSE, NULL, -3.72151602, -38.55039895, 'Rua das Flores 195, Salvador', '2026-05-14 00:17:34+00', '2026-05-14 07:17:34+00', '2026-03-15 00:17:34+00', '2026-03-15 00:17:34+00', NULL),
  ('5f9ab2a8-d5c0-4e99-b017-fdcc042b277f', '52ea38a5-6d3d-4ff7-aa59-4786dad2e8cf', 'c3e35b63-b542-4510-a7c6-df88849a76e2', 'Seminário de Voluntariado', 'seminario-voluntariado-29', 'Venha participar do evento ''Seminário de Voluntariado'' promovido pela Saúde Para Todos. Sua presença faz a diferença!', 'PUBLISHED', 'https://picsum.photos/seed/event28/1200/600', NULL, 'Aceitamos doações presenciais ou via PIX: 90123456000109', NULL, FALSE, NULL, -23.56529798, -46.65413540, 'Rua Boa Vista 150, Salvador', '2026-05-24 00:17:34+00', '2026-05-24 04:17:34+00', '2025-10-07 00:17:34+00', '2025-10-07 00:17:34+00', NULL),
  ('79db10aa-fbfe-4257-b1d9-8944d94c92ce', '7701f645-7a2e-4303-a4f6-21373ae725e3', 'a08e04eb-c0e7-4f3c-943e-8743d793070d', 'Troca de Sementes Crioulas', 'troca-sementes-crioulas-30', 'Venha participar do evento ''Troca de Sementes Crioulas'' promovido pela ONG Mãos Unidas. Sua presença faz a diferença!', 'PUBLISHED', 'https://picsum.photos/seed/event29/1200/600', NULL, 'Aceitamos doações presenciais ou via PIX: 01234567000110', NULL, TRUE, 43, -22.92688506, -47.07628655, 'Rua da Paz 617, Rio de Janeiro', '2026-08-14 00:17:34+00', '2026-08-14 07:17:34+00', '2026-03-19 00:17:34+00', '2026-03-19 00:17:34+00', NULL),
  ('c073edb5-67f6-44ed-b346-b59e967d22fe', '8d690085-d41b-401e-9165-50b3d4caed0f', 'a305bf32-620f-48b5-83d8-50c7adaebe38', 'Dia Nacional do Voluntário', 'dia-nacional-voluntario-31', 'Venha participar do evento ''Dia Nacional do Voluntário'' promovido pela Movimento Terra Limpa. Sua presença faz a diferença!', 'PUBLISHED', 'https://picsum.photos/seed/event30/1200/600', 'https://www.sympla.com.br/dia-nacional-voluntario', 'Aceitamos doações presenciais ou via PIX: 11234567000111', NULL, TRUE, 47, -25.44093824, -49.26036592, 'Rua da Paz 191, Belo Horizonte', '2026-07-25 00:17:34+00', '2026-07-25 10:17:34+00', '2026-01-07 00:17:34+00', '2026-01-07 00:17:34+00', NULL),
  ('6ab82c9c-fe37-4190-981b-d20a97269e82', '1483f981-81cd-45c1-92e3-b0cdc63f0a68', 'f27b3692-3ec2-4c65-847e-0771ff88d513', 'Passeio Ecológico nas Trilhas', 'passeio-ecologico-trilhas-32', 'Venha participar do evento ''Passeio Ecológico nas Trilhas'' promovido pela Instituto Pequenos Heróis. Sua presença faz a diferença!', 'FINISHED', 'https://picsum.photos/seed/event31/1200/600', 'https://www.sympla.com.br/passeio-ecologico-trilhas', 'Aceitamos doações presenciais ou via PIX: 21234567000112', NULL, TRUE, 68, -20.31628183, -40.32856298, 'Rua Boa Vista 24, Curitiba', '2025-11-22 00:17:34+00', '2025-11-22 08:17:34+00', '2025-12-25 00:17:34+00', '2025-12-25 00:17:34+00', NULL),
  ('5b7e3a87-345d-4273-8584-b11213c02db4', 'e03256e0-cfa9-47dd-8089-4d38708c2c18', '13bfb2a6-af30-4042-9153-e5f305afe965', 'Concurso de Redação Ambiental', 'concurso-redacao-ambiental-33', 'Venha participar do evento ''Concurso de Redação Ambiental'' promovido pela Conectar Digital. Sua presença faz a diferença!', 'PUBLISHED', 'https://picsum.photos/seed/event32/1200/600', 'https://www.sympla.com.br/concurso-redacao-ambiental', 'Aceitamos doações presenciais ou via PIX: 31234567000113', NULL, FALSE, NULL, -16.67098851, -49.26952800, 'Rua da Paz 879, São Paulo', '2026-07-04 00:17:34+00', '2026-07-04 07:17:34+00', '2025-10-20 00:17:34+00', '2025-10-20 00:17:34+00', NULL),
  ('e851db78-52f9-4c05-a1c6-db3cc36d5c94', '5d50771f-c991-4e0b-91ce-a4038677656c', 'cf56ab37-9137-44b9-96e3-afe605543698', 'Encontro de Animadores Culturais', 'encontro-animadores-culturais-34', 'Venha participar do evento ''Encontro de Animadores Culturais'' promovido pela ONG Sementes do Futuro. Sua presença faz a diferença!', 'PUBLISHED', 'https://picsum.photos/seed/event33/1200/600', 'https://www.sympla.com.br/encontro-animadores-culturais', NULL, NULL, FALSE, NULL, -27.57357720, -48.53180191, 'Rua das Flores 957, Salvador', '2026-05-06 00:17:34+00', '2026-05-06 04:17:34+00', '2025-10-20 00:17:34+00', '2025-10-20 00:17:34+00', NULL),
  ('6004b45a-f5db-4159-b27d-6a4c70b06e4a', '09ec0986-43dd-4544-b762-2a7402b490f3', 'ee14671c-9565-4eb0-8811-882f05314084', 'Oficina de Fotografia Social', 'oficina-fotografia-social-35', 'Venha participar do evento ''Oficina de Fotografia Social'' promovido pela Abrigo Luz da Esperança. Sua presença faz a diferença!', 'PUBLISHED', 'https://picsum.photos/seed/event34/1200/600', 'https://www.sympla.com.br/oficina-fotografia-social', 'Aceitamos doações presenciais ou via PIX: 51234567000115', NULL, FALSE, NULL, -5.07659986, -42.79695194, 'Rua das Acácias 371, Belo Horizonte', '2026-07-05 00:17:34+00', '2026-07-05 06:17:34+00', '2025-10-27 00:17:34+00', '2025-10-27 00:17:34+00', NULL),
  ('39fe12d8-da6d-494a-88bf-241e1085457c', '44f45a8d-1d4f-484a-ac5d-4cff6e53f859', '273af719-0797-44a5-ac12-def38897cd8b', 'Campanha de Agasalho', 'campanha-agasalho-36', 'Venha participar do evento ''Campanha de Agasalho'' promovido pela Instituto Artes em Cena. Sua presença faz a diferença!', 'PUBLISHED', 'https://picsum.photos/seed/event35/1200/600', NULL, NULL, NULL, FALSE, NULL, -23.54558527, -46.66125151, 'Rua das Flores 13, Curitiba', '2026-05-27 00:17:34+00', '2026-05-27 02:17:34+00', '2025-11-02 00:17:34+00', '2025-11-02 00:17:34+00', NULL),
  ('0712da6f-8694-4b54-a31e-d5a49ade625e', '4e351455-3dce-44f9-87f9-ee8c5758952a', '3251b95b-e151-49fc-9016-aa50c8d6c1fb', 'Visita a Lares de Idosos', 'visita-lares-idosos-37', 'Venha participar do evento ''Visita a Lares de Idosos'' promovido pela Amigos dos Animais SP. Sua presença faz a diferença!', 'CANCELLED', 'https://picsum.photos/seed/event36/1200/600', NULL, NULL, NULL, FALSE, NULL, -23.55926149, -46.62144172, 'Rua São João 667, São Paulo', '2026-04-08 00:17:34+00', '2026-04-08 03:17:34+00', '2026-02-01 00:17:34+00', '2026-02-01 00:17:34+00', NULL),
  ('4f904c93-4ef6-41fa-bef3-aae49fb0df09', '4f7b5b6f-3238-4daa-87e5-9fbf19420e10', '29aacbc7-3748-476e-a9e6-40e17be3773c', 'Bazarzão do Bem', 'bazarzao-do-bem-38', 'Venha participar do evento ''Bazarzão do Bem'' promovido pela Projeto Cidadania Ativa. Sua presença faz a diferença!', 'PUBLISHED', 'https://picsum.photos/seed/event37/1200/600', NULL, 'Aceitamos doações presenciais ou via PIX: 81234567000118', NULL, TRUE, 56, -1.45486637, -48.49704916, 'Rua das Acácias 442, Curitiba', '2026-05-01 00:17:34+00', '2026-05-01 10:17:34+00', '2025-12-20 00:17:34+00', '2025-12-20 00:17:34+00', NULL),
  ('71b136f0-1a2c-48b7-9e75-6b444a5935a0', '216a15d2-4b88-425c-bd96-96a7247045f5', 'be3d5837-6505-4a05-a4e7-c5e6bb0d2373', 'Sarau Literário Solidário', 'sarau-literario-solidario-39', 'Venha participar do evento ''Sarau Literário Solidário'' promovido pela ONG Coração de Mãe. Sua presença faz a diferença!', 'FINISHED', 'https://picsum.photos/seed/event38/1200/600', 'https://www.sympla.com.br/sarau-literario-solidario', 'Aceitamos doações presenciais ou via PIX: 91234567000119', NULL, FALSE, NULL, -19.84122882, -43.95435570, 'Rua São João 720, São Paulo', '2025-11-25 00:17:34+00', '2025-11-25 08:17:34+00', '2025-11-14 00:17:34+00', '2025-11-14 00:17:34+00', NULL),
  ('00e045a0-09a3-4e2f-a3e5-a6c8362e489d', '998bf0f5-5414-480d-a7f7-ffd8aa657c16', 'e0184fb5-f264-4105-8fa9-85fc0a4055e1', 'Mutirão de Reforma de Casas', 'mutirao-reforma-casas-40', 'Venha participar do evento ''Mutirão de Reforma de Casas'' promovido pela Instituto Verde Mata. Sua presença faz a diferença!', 'PUBLISHED', 'https://picsum.photos/seed/event39/1200/600', NULL, 'Aceitamos doações presenciais ou via PIX: 10234567000120', NULL, FALSE, NULL, -22.19993454, -45.94635007, 'Rua das Flores 465, São Paulo', '2026-08-13 00:17:34+00', '2026-08-13 04:17:34+00', '2025-10-25 00:17:34+00', '2025-10-25 00:17:34+00', NULL),
  ('32858164-e53d-4606-be21-4c1f904f58cf', '27f350e7-2b2c-4ba0-b619-1585a506e006', 'ca619f60-e9c1-444b-87bc-8e895c0d57ad', 'Roda de Capoeira Aberta', 'roda-capoeira-aberta-41', 'Venha participar do evento ''Roda de Capoeira Aberta'' promovido pela Instituto Esperança Viva. Sua presença faz a diferença!', 'PUBLISHED', 'https://picsum.photos/seed/event40/1200/600', NULL, 'Aceitamos doações presenciais ou via PIX: 12345678000101', NULL, TRUE, 64, -23.55409910, -46.64916353, 'Rua Boa Vista 240, São Paulo', '2026-06-08 00:17:34+00', '2026-06-08 08:17:34+00', '2025-11-12 00:17:34+00', '2025-11-12 00:17:34+00', NULL),
  ('6613d126-83f0-43ef-b514-e8df7aea36f4', '7639207a-c43d-4286-b79f-9036d01ec846', '81e952ba-1dae-4257-ad02-da0170afb268', 'Festa Junina Solidária', 'festa-junina-solidaria-42', 'Venha participar do evento ''Festa Junina Solidária'' promovido pela ONG Amor Sem Fronteiras. Sua presença faz a diferença!', 'PUBLISHED', 'https://picsum.photos/seed/event41/1200/600', NULL, 'Aceitamos doações presenciais ou via PIX: 23456789000102', NULL, FALSE, NULL, -22.90870065, -43.19438018, 'Rua São João 501, Belo Horizonte', '2026-06-28 00:17:34+00', '2026-06-28 09:17:34+00', '2026-03-17 00:17:34+00', '2026-03-17 00:17:34+00', NULL),
  ('5e4e65d3-ae04-4971-a8cc-6a139eac97fb', '55fea278-bd11-4faf-8df6-d5d23e740646', '990387e5-526a-4143-803e-c3cb438f3553', 'Maratona de Jogos para Jovens', 'maratona-jogos-jovens-43', 'Venha participar do evento ''Maratona de Jogos para Jovens'' promovido pela Casa Verde Sustentável. Sua presença faz a diferença!', 'PUBLISHED', 'https://picsum.photos/seed/event42/1200/600', 'https://www.sympla.com.br/maratona-jogos-jovens', 'Aceitamos doações presenciais ou via PIX: 34567890000103', NULL, FALSE, NULL, -19.93845795, -43.93273881, 'Rua São João 712, Curitiba', '2026-07-12 00:17:34+00', '2026-07-12 05:17:34+00', '2026-02-28 00:17:34+00', '2026-02-28 00:17:34+00', NULL),
  ('3eecc85c-6f6f-4d4a-b4d5-707f6a93c9d1', 'fb5383ec-3406-42f1-b682-8b258c05d3f3', '215d2f20-5868-4d1f-8b5d-e5cd9f86d04e', 'Capacitação em Primeiros Socorros', 'capacitacao-primeiros-socorros-44', 'Venha participar do evento ''Capacitação em Primeiros Socorros'' promovido pela Ação Educação Brasil. Sua presença faz a diferença!', 'PUBLISHED', 'https://picsum.photos/seed/event43/1200/600', NULL, 'Aceitamos doações presenciais ou via PIX: 45678901000104', NULL, TRUE, 85, -15.77343542, -47.91364846, 'Rua Boa Vista 174, Curitiba', '2026-07-07 00:17:34+00', '2026-07-07 10:17:34+00', '2026-03-02 00:17:34+00', '2026-03-02 00:17:34+00', NULL),
  ('de92aa7a-7ef0-4286-8aa1-a96c497252c3', '1b42b84f-789c-4e1d-88af-fe6f79a242d9', 'bdaead73-8170-4f45-83e3-ba833e13b23f', 'Dia da Árvore Comunitário', 'dia-arvore-comunitario-45', 'Venha participar do evento ''Dia da Árvore Comunitário'' promovido pela Fundação Patas e Corações. Sua presença faz a diferença!', 'PUBLISHED', 'https://picsum.photos/seed/event44/1200/600', NULL, NULL, NULL, FALSE, NULL, -30.02651474, -51.25583375, 'Rua das Acácias 748, Rio de Janeiro', '2026-07-30 00:17:34+00', '2026-07-30 08:17:34+00', '2026-03-03 00:17:34+00', '2026-03-03 00:17:34+00', NULL),
  ('70865cc2-9154-4870-86ec-3dc3d5c689e6', 'd0a75735-879b-4352-a291-64ffd9f4c0fd', '0f250614-ed77-4ae0-9a75-52b1e4b0071f', 'Campeonato de Xadrez Social', 'campeonato-xadrez-social-46', 'Venha participar do evento ''Campeonato de Xadrez Social'' promovido pela Instituto Cultural Raízes. Sua presença faz a diferença!', 'PUBLISHED', 'https://picsum.photos/seed/event45/1200/600', NULL, 'Aceitamos doações presenciais ou via PIX: 67890123000106', NULL, FALSE, NULL, -12.98451109, -38.50802242, 'Rua São João 320, Rio de Janeiro', '2026-07-08 00:17:34+00', '2026-07-08 03:17:34+00', '2025-12-16 00:17:34+00', '2025-12-16 00:17:34+00', NULL),
  ('31b2711c-09eb-4e0c-9936-45711ee959de', 'a0652bfa-6afa-4013-9860-aeca71142b66', '8392c495-3a8f-455b-8fbb-f2479e957d91', 'Feira de Economia Solidária', 'feira-economia-solidaria-47', 'Venha participar do evento ''Feira de Economia Solidária'' promovido pela Rede Solidária do Nordeste. Sua presença faz a diferença!', 'PUBLISHED', 'https://picsum.photos/seed/event46/1200/600', NULL, 'Aceitamos doações presenciais ou via PIX: 78901234000107', NULL, FALSE, NULL, -8.05094364, -34.85269261, 'Rua São João 864, Belo Horizonte', '2026-07-11 00:17:34+00', '2026-07-11 10:17:34+00', '2026-02-26 00:17:34+00', '2026-02-26 00:17:34+00', NULL),
  ('dabdcc8c-3322-45b5-8454-a4b6a8c3fd52', '94daff14-7c2e-4193-bf56-268c739aa62c', 'c12b1e6c-f245-47dc-9325-1dbd9d9d6749', 'Roda de Tambores Afro-Brasileiros', 'roda-tambores-afro-brasileiros-48', 'Venha participar do evento ''Roda de Tambores Afro-Brasileiros'' promovido pela Projeto Voar Alto. Sua presença faz a diferença!', 'CANCELLED', 'https://picsum.photos/seed/event47/1200/600', 'https://www.sympla.com.br/roda-tambores-afro-brasileiros', NULL, NULL, TRUE, 36, -3.71224998, -38.54910350, 'Rua Boa Vista 708, São Paulo', '2026-03-26 00:17:34+00', '2026-03-26 04:17:34+00', '2025-11-01 00:17:34+00', '2025-11-01 00:17:34+00', NULL),
  ('831a5056-c9d9-4870-a215-2552dffca1eb', '52ea38a5-6d3d-4ff7-aa59-4786dad2e8cf', 'c3e35b63-b542-4510-a7c6-df88849a76e2', 'Webinar: Como Criar uma ONG', 'webinar-criar-ong-49', 'Venha participar do evento ''Webinar: Como Criar uma ONG'' promovido pela Saúde Para Todos. Sua presença faz a diferença!', 'PUBLISHED', 'https://picsum.photos/seed/event48/1200/600', NULL, 'Aceitamos doações presenciais ou via PIX: 90123456000109', NULL, FALSE, NULL, -23.54452841, -46.64099740, 'Rua São João 964, São Paulo', '2026-05-30 00:17:34+00', '2026-05-30 04:17:34+00', '2025-12-05 00:17:34+00', '2025-12-05 00:17:34+00', NULL),
  ('7017fa4f-23eb-4732-ab53-b3b35172bb36', '7701f645-7a2e-4303-a4f6-21373ae725e3', 'a08e04eb-c0e7-4f3c-943e-8743d793070d', 'Corrida da Esperança 10km', 'corrida-esperanca-10km-50', 'Venha participar do evento ''Corrida da Esperança 10km'' promovido pela ONG Mãos Unidas. Sua presença faz a diferença!', 'PUBLISHED', 'https://picsum.photos/seed/event49/1200/600', 'https://www.sympla.com.br/corrida-esperanca-10km', 'Aceitamos doações presenciais ou via PIX: 01234567000110', NULL, TRUE, 40, -22.92620750, -47.05405538, 'Rua das Flores 21, Salvador', '2026-07-24 00:17:34+00', '2026-07-24 06:17:34+00', '2026-03-03 00:17:34+00', '2026-03-03 00:17:34+00', NULL),
  ('9697f6a7-0ccd-4b63-9bd6-89be1c182b39', '8d690085-d41b-401e-9165-50b3d4caed0f', 'a305bf32-620f-48b5-83d8-50c7adaebe38', 'Encontro de Mulheres Empreendedoras', 'encontro-mulheres-empreendedoras-51', 'Venha participar do evento ''Encontro de Mulheres Empreendedoras'' promovido pela Movimento Terra Limpa. Sua presença faz a diferença!', 'PUBLISHED', 'https://picsum.photos/seed/event50/1200/600', NULL, 'Aceitamos doações presenciais ou via PIX: 11234567000111', NULL, FALSE, NULL, -25.45059089, -49.27607123, 'Rua Boa Vista 996, Rio de Janeiro', '2026-08-11 00:17:34+00', '2026-08-11 05:17:34+00', '2025-10-25 00:17:34+00', '2025-10-25 00:17:34+00', NULL),
  ('7277cb04-e508-46dd-bca8-53ee6c0365ed', '1483f981-81cd-45c1-92e3-b0cdc63f0a68', 'f27b3692-3ec2-4c65-847e-0771ff88d513', 'Plantão Jurídico Gratuito', 'plantao-juridico-gratuito-52', 'Venha participar do evento ''Plantão Jurídico Gratuito'' promovido pela Instituto Pequenos Heróis. Sua presença faz a diferença!', 'PUBLISHED', 'https://picsum.photos/seed/event51/1200/600', NULL, NULL, NULL, TRUE, 82, -20.31292310, -40.30494511, 'Rua Boa Vista 66, Belo Horizonte', '2026-08-11 00:17:34+00', '2026-08-11 02:17:34+00', '2026-02-14 00:17:34+00', '2026-02-14 00:17:34+00', NULL),
  ('05e5f69c-3005-4087-b1b8-e55d76484234', 'e03256e0-cfa9-47dd-8089-4d38708c2c18', '13bfb2a6-af30-4042-9153-e5f305afe965', 'Oficina de Culinária Saudável', 'oficina-culinaria-saudavel-53', 'Venha participar do evento ''Oficina de Culinária Saudável'' promovido pela Conectar Digital. Sua presença faz a diferença!', 'PUBLISHED', 'https://picsum.photos/seed/event52/1200/600', NULL, 'Aceitamos doações presenciais ou via PIX: 31234567000113', NULL, TRUE, 49, -16.66640592, -49.27171351, 'Rua das Acácias 586, Salvador', '2026-08-17 00:17:34+00', '2026-08-17 10:17:34+00', '2025-11-20 00:17:34+00', '2025-11-20 00:17:34+00', NULL),
  ('e072e574-fc58-49e4-a68c-fd1f3ce7a8d5', '5d50771f-c991-4e0b-91ce-a4038677656c', 'cf56ab37-9137-44b9-96e3-afe605543698', 'Campanha de Natal Solidário', 'campanha-natal-solidario-54', 'Venha participar do evento ''Campanha de Natal Solidário'' promovido pela ONG Sementes do Futuro. Sua presença faz a diferença!', 'CANCELLED', 'https://picsum.photos/seed/event53/1200/600', 'https://www.sympla.com.br/campanha-natal-solidario', NULL, NULL, TRUE, 16, -27.60521350, -48.53155092, 'Rua da Paz 653, Salvador', '2026-03-18 00:17:34+00', '2026-03-18 06:17:34+00', '2025-11-11 00:17:34+00', '2025-11-11 00:17:34+00', NULL),
  ('0c49c958-d753-4e62-9802-7f6cbc1daf44', '09ec0986-43dd-4544-b762-2a7402b490f3', 'ee14671c-9565-4eb0-8811-882f05314084', 'Torneio de Basquete Comunitário', 'torneio-basquete-comunitario-55', 'Venha participar do evento ''Torneio de Basquete Comunitário'' promovido pela Abrigo Luz da Esperança. Sua presença faz a diferença!', 'PUBLISHED', 'https://picsum.photos/seed/event54/1200/600', NULL, 'Aceitamos doações presenciais ou via PIX: 51234567000115', NULL, FALSE, NULL, -5.08074516, -42.78488253, 'Rua São João 680, Rio de Janeiro', '2026-08-12 00:17:34+00', '2026-08-12 05:17:34+00', '2025-12-06 00:17:34+00', '2025-12-06 00:17:34+00', NULL),
  ('c24774d0-1ed2-4ea2-8fb7-ba2a21739bcc', '44f45a8d-1d4f-484a-ac5d-4cff6e53f859', '273af719-0797-44a5-ac12-def38897cd8b', 'Tarde de Yoga para a Paz', 'tarde-yoga-paz-56', 'Venha participar do evento ''Tarde de Yoga para a Paz'' promovido pela Instituto Artes em Cena. Sua presença faz a diferença!', 'PUBLISHED', 'https://picsum.photos/seed/event55/1200/600', NULL, 'Aceitamos doações presenciais ou via PIX: 61234567000116', NULL, FALSE, NULL, -23.56789770, -46.64668472, 'Rua das Acácias 879, Rio de Janeiro', '2026-05-21 00:17:34+00', '2026-05-21 05:17:34+00', '2025-12-01 00:17:34+00', '2025-12-01 00:17:34+00', NULL),
  ('0bb26f5b-def4-4e61-b141-47aac70caa9c', '4e351455-3dce-44f9-87f9-ee8c5758952a', '3251b95b-e151-49fc-9016-aa50c8d6c1fb', 'Limpeza da Praia Voluntária', 'limpeza-praia-voluntaria-57', 'Venha participar do evento ''Limpeza da Praia Voluntária'' promovido pela Amigos dos Animais SP. Sua presença faz a diferença!', 'PUBLISHED', 'https://picsum.photos/seed/event56/1200/600', NULL, NULL, NULL, FALSE, NULL, -23.53659632, -46.64292817, 'Rua das Acácias 362, Salvador', '2026-08-03 00:17:34+00', '2026-08-03 10:17:34+00', '2025-12-22 00:17:34+00', '2025-12-22 00:17:34+00', NULL),
  ('0a440d3e-9949-46c4-8e3c-0adfc4007b12', '4f7b5b6f-3238-4daa-87e5-9fbf19420e10', '29aacbc7-3748-476e-a9e6-40e17be3773c', 'Noite de Autógrafos Solidária', 'noite-autografos-solidaria-58', 'Venha participar do evento ''Noite de Autógrafos Solidária'' promovido pela Projeto Cidadania Ativa. Sua presença faz a diferença!', 'PUBLISHED', 'https://picsum.photos/seed/event57/1200/600', NULL, NULL, NULL, TRUE, 20, -1.46419673, -48.48227097, 'Rua São João 250, São Paulo', '2026-08-20 00:17:34+00', '2026-08-20 05:17:34+00', '2026-03-02 00:17:34+00', '2026-03-02 00:17:34+00', NULL),
  ('0e8240a0-3dac-489d-8107-245a8e285e55', '216a15d2-4b88-425c-bd96-96a7247045f5', 'be3d5837-6505-4a05-a4e7-c5e6bb0d2373', 'Desfile de Moda Sustentável', 'desfile-moda-sustentavel-59', 'Venha participar do evento ''Desfile de Moda Sustentável'' promovido pela ONG Coração de Mãe. Sua presença faz a diferença!', 'PUBLISHED', 'https://picsum.photos/seed/event58/1200/600', NULL, 'Aceitamos doações presenciais ou via PIX: 91234567000119', NULL, FALSE, NULL, -19.83679539, -43.94245876, 'Rua Boa Vista 271, Rio de Janeiro', '2026-06-17 00:17:34+00', '2026-06-17 08:17:34+00', '2025-12-14 00:17:34+00', '2025-12-14 00:17:34+00', NULL),
  ('187b4d63-6cf2-4f96-8ac3-97c888e611df', '998bf0f5-5414-480d-a7f7-ffd8aa657c16', 'e0184fb5-f264-4105-8fa9-85fc0a4055e1', 'Feira do Livro Solidária', 'feira-livro-solidaria-60', 'Venha participar do evento ''Feira do Livro Solidária'' promovido pela Instituto Verde Mata. Sua presença faz a diferença!', 'PUBLISHED', 'https://picsum.photos/seed/event59/1200/600', 'https://www.sympla.com.br/feira-livro-solidaria', NULL, NULL, TRUE, 66, -22.21330889, -45.93200082, 'Rua das Flores 624, São Paulo', '2026-08-21 00:17:34+00', '2026-08-21 05:17:34+00', '2025-11-12 00:17:34+00', '2025-11-12 00:17:34+00', NULL);

-- EVENT_TAGS
INSERT INTO event_tags (event_id, tag_id) VALUES
  ('d4abe6ff-3acb-4e2e-be73-617afd272fc3', '18d814de-2ff0-4b4a-9601-280660e9dd36'),
  ('d4abe6ff-3acb-4e2e-be73-617afd272fc3', 'd8f697d3-1142-40e9-9405-afa453a20be1'),
  ('d4abe6ff-3acb-4e2e-be73-617afd272fc3', '4ca93a0d-193d-4181-b7ed-3579e6944ce5'),
  ('d4abe6ff-3acb-4e2e-be73-617afd272fc3', '16245bef-a7e6-4919-8293-7e0476584835'),
  ('d4abe6ff-3acb-4e2e-be73-617afd272fc3', 'acee9d30-3a76-4ca6-8d02-bdc24903742b'),
  ('2f28e092-e796-424a-b103-6839296f0b61', '74bc7582-587a-4e88-b7c0-8a1176b7866e'),
  ('2f28e092-e796-424a-b103-6839296f0b61', 'c462717b-d89a-4ba6-9713-2c2fc8b4d515'),
  ('2f28e092-e796-424a-b103-6839296f0b61', '5f1ba667-00aa-4e99-a2ef-2fabe3aaae90'),
  ('2f28e092-e796-424a-b103-6839296f0b61', 'a49a6011-4ec4-48fd-96ab-cdd16eadc385'),
  ('206e00b4-5d5b-412c-964b-e821b9b03c87', '69581990-9fc5-42fe-8016-32e40c8b9c82'),
  ('206e00b4-5d5b-412c-964b-e821b9b03c87', '0cc2b5cf-b5bc-42ff-9b0a-ad36044efff2'),
  ('206e00b4-5d5b-412c-964b-e821b9b03c87', '16245bef-a7e6-4919-8293-7e0476584835'),
  ('6f630d81-1a2c-4099-a652-09008bdd7234', '4aaf5b77-164f-4644-9369-bc0071cf6bdf'),
  ('6f630d81-1a2c-4099-a652-09008bdd7234', '68042ae5-2969-4f25-bf65-c436f4dd1977'),
  ('e18e4b1b-5c96-43be-8bac-c063e0d315eb', '0cc2b5cf-b5bc-42ff-9b0a-ad36044efff2'),
  ('e18e4b1b-5c96-43be-8bac-c063e0d315eb', '4aaf5b77-164f-4644-9369-bc0071cf6bdf'),
  ('2e7cf65d-2ce8-4b63-8d92-e5638a10e17f', 'e2d2d58c-eb34-437a-9861-c4d24d83d288'),
  ('2e7cf65d-2ce8-4b63-8d92-e5638a10e17f', '5f1ba667-00aa-4e99-a2ef-2fabe3aaae90'),
  ('2e7cf65d-2ce8-4b63-8d92-e5638a10e17f', 'e78755d4-59d8-4ae1-9956-4563530da19a'),
  ('37267389-ce0f-4472-b429-b05533f6ca9a', '74bc7582-587a-4e88-b7c0-8a1176b7866e'),
  ('efaa71d8-09e5-425d-9a38-92e97540b620', '16245bef-a7e6-4919-8293-7e0476584835'),
  ('efaa71d8-09e5-425d-9a38-92e97540b620', '74bc7582-587a-4e88-b7c0-8a1176b7866e'),
  ('efaa71d8-09e5-425d-9a38-92e97540b620', '3de520aa-3a3b-425b-b296-2b69dcaac92e'),
  ('efaa71d8-09e5-425d-9a38-92e97540b620', '455bf954-d971-465d-a166-4edcfaac3662'),
  ('6108ef54-986e-4d32-bcec-d1783314825e', 'ba459fc6-a504-4df0-ba32-cb6f2c79e5a9'),
  ('6108ef54-986e-4d32-bcec-d1783314825e', '113e0d3c-8ba0-4cdd-9f0b-15fcbc01c29a'),
  ('0c9e0787-6396-466b-9989-bb34d92434e4', 'd8f697d3-1142-40e9-9405-afa453a20be1'),
  ('0c9e0787-6396-466b-9989-bb34d92434e4', 'b751c606-23df-4b68-9749-f4d63c895994'),
  ('d2e85dfc-1204-44bd-b60b-855e272ef68f', 'e2d2d58c-eb34-437a-9861-c4d24d83d288'),
  ('621b42d1-3026-486f-b05b-a0f54fdff2da', 'd8f697d3-1142-40e9-9405-afa453a20be1'),
  ('621b42d1-3026-486f-b05b-a0f54fdff2da', '5f1ba667-00aa-4e99-a2ef-2fabe3aaae90'),
  ('621b42d1-3026-486f-b05b-a0f54fdff2da', 'ba459fc6-a504-4df0-ba32-cb6f2c79e5a9'),
  ('621b42d1-3026-486f-b05b-a0f54fdff2da', 'a49a6011-4ec4-48fd-96ab-cdd16eadc385'),
  ('c64e0e3b-b066-44de-a3fd-946ccd925a7d', '4ca93a0d-193d-4181-b7ed-3579e6944ce5'),
  ('a1e35647-2e61-4142-a545-3cb8703ab67e', '99d226e7-403f-476e-88bc-8f9cafdfcca1'),
  ('a1e35647-2e61-4142-a545-3cb8703ab67e', '7cd45604-2567-4c22-b6f1-3bb46501eb67'),
  ('a1e35647-2e61-4142-a545-3cb8703ab67e', '5544b545-cb21-43fd-9230-216d6a1ad3dd'),
  ('a1e35647-2e61-4142-a545-3cb8703ab67e', '18d814de-2ff0-4b4a-9601-280660e9dd36'),
  ('a1e35647-2e61-4142-a545-3cb8703ab67e', 'c9ce316b-f05d-4a51-8a81-5ee3a73eea81'),
  ('1f274009-2279-49f4-8590-8c22d358174e', 'e2d2d58c-eb34-437a-9861-c4d24d83d288'),
  ('1f274009-2279-49f4-8590-8c22d358174e', '4ca93a0d-193d-4181-b7ed-3579e6944ce5'),
  ('1f274009-2279-49f4-8590-8c22d358174e', '4aaf5b77-164f-4644-9369-bc0071cf6bdf'),
  ('3fb37eca-6615-4c11-88c3-b9d41172b1f9', 'a49a6011-4ec4-48fd-96ab-cdd16eadc385'),
  ('3fb37eca-6615-4c11-88c3-b9d41172b1f9', '69581990-9fc5-42fe-8016-32e40c8b9c82'),
  ('3fb37eca-6615-4c11-88c3-b9d41172b1f9', 'c9ce316b-f05d-4a51-8a81-5ee3a73eea81'),
  ('3fb37eca-6615-4c11-88c3-b9d41172b1f9', '4ca93a0d-193d-4181-b7ed-3579e6944ce5'),
  ('3fb37eca-6615-4c11-88c3-b9d41172b1f9', '99d226e7-403f-476e-88bc-8f9cafdfcca1'),
  ('8efcb9f6-cfe5-4669-8226-47b6ce6e8093', '18d814de-2ff0-4b4a-9601-280660e9dd36'),
  ('8efcb9f6-cfe5-4669-8226-47b6ce6e8093', '5450c12a-b06b-4b24-9c1b-a842ce7eb724'),
  ('8efcb9f6-cfe5-4669-8226-47b6ce6e8093', 'ba459fc6-a504-4df0-ba32-cb6f2c79e5a9'),
  ('8efcb9f6-cfe5-4669-8226-47b6ce6e8093', '4aaf5b77-164f-4644-9369-bc0071cf6bdf'),
  ('2b5c3241-f742-46ac-a870-930b94107223', '113e0d3c-8ba0-4cdd-9f0b-15fcbc01c29a'),
  ('2b5c3241-f742-46ac-a870-930b94107223', '69581990-9fc5-42fe-8016-32e40c8b9c82'),
  ('2b5c3241-f742-46ac-a870-930b94107223', '5544b545-cb21-43fd-9230-216d6a1ad3dd'),
  ('7af7a1c7-0aef-4aa1-b9ce-584c31e80420', '74bc7582-587a-4e88-b7c0-8a1176b7866e'),
  ('7af7a1c7-0aef-4aa1-b9ce-584c31e80420', '592a1e00-7110-4cb5-a0ba-1a06b7e3c41e'),
  ('7af7a1c7-0aef-4aa1-b9ce-584c31e80420', 'acee9d30-3a76-4ca6-8d02-bdc24903742b'),
  ('7af7a1c7-0aef-4aa1-b9ce-584c31e80420', 'ba459fc6-a504-4df0-ba32-cb6f2c79e5a9'),
  ('7af7a1c7-0aef-4aa1-b9ce-584c31e80420', '69581990-9fc5-42fe-8016-32e40c8b9c82'),
  ('0d40ee77-f9e3-4ab3-aa12-1a18f0e0e865', '346f470d-c623-47f8-8858-eff014cf06b8'),
  ('0d40ee77-f9e3-4ab3-aa12-1a18f0e0e865', '592a1e00-7110-4cb5-a0ba-1a06b7e3c41e'),
  ('0d40ee77-f9e3-4ab3-aa12-1a18f0e0e865', '69581990-9fc5-42fe-8016-32e40c8b9c82'),
  ('0d40ee77-f9e3-4ab3-aa12-1a18f0e0e865', '4aaf5b77-164f-4644-9369-bc0071cf6bdf'),
  ('b0f77281-ba6a-4a82-8deb-35d0e81c5c96', '5f1ba667-00aa-4e99-a2ef-2fabe3aaae90'),
  ('b0f77281-ba6a-4a82-8deb-35d0e81c5c96', 'c9ce316b-f05d-4a51-8a81-5ee3a73eea81'),
  ('b0f77281-ba6a-4a82-8deb-35d0e81c5c96', 'c462717b-d89a-4ba6-9713-2c2fc8b4d515'),
  ('5244800d-2652-4db9-97ba-3621fd3ec508', 'd8f697d3-1142-40e9-9405-afa453a20be1'),
  ('5244800d-2652-4db9-97ba-3621fd3ec508', '99d226e7-403f-476e-88bc-8f9cafdfcca1'),
  ('71bb912d-71a2-46ca-acee-eb1587f1c5d8', 'b751c606-23df-4b68-9749-f4d63c895994'),
  ('71bb912d-71a2-46ca-acee-eb1587f1c5d8', '592a1e00-7110-4cb5-a0ba-1a06b7e3c41e'),
  ('71bb912d-71a2-46ca-acee-eb1587f1c5d8', '69581990-9fc5-42fe-8016-32e40c8b9c82'),
  ('17584c23-bd47-4360-99cc-6d912a9a4684', '113e0d3c-8ba0-4cdd-9f0b-15fcbc01c29a'),
  ('f3b8ee54-904d-4e33-bd74-909fae2922e8', 'c462717b-d89a-4ba6-9713-2c2fc8b4d515'),
  ('f3b8ee54-904d-4e33-bd74-909fae2922e8', '99d226e7-403f-476e-88bc-8f9cafdfcca1'),
  ('f3b8ee54-904d-4e33-bd74-909fae2922e8', '16245bef-a7e6-4919-8293-7e0476584835'),
  ('f3b8ee54-904d-4e33-bd74-909fae2922e8', '592a1e00-7110-4cb5-a0ba-1a06b7e3c41e'),
  ('f3b8ee54-904d-4e33-bd74-909fae2922e8', '113e0d3c-8ba0-4cdd-9f0b-15fcbc01c29a'),
  ('39f85c24-60a1-4464-9d76-4281d933808e', '4aaf5b77-164f-4644-9369-bc0071cf6bdf'),
  ('39f85c24-60a1-4464-9d76-4281d933808e', '4c7ff40c-7439-48c3-942c-3d39677656db'),
  ('39f85c24-60a1-4464-9d76-4281d933808e', '4ca93a0d-193d-4181-b7ed-3579e6944ce5'),
  ('39f85c24-60a1-4464-9d76-4281d933808e', 'e2d2d58c-eb34-437a-9861-c4d24d83d288'),
  ('39f85c24-60a1-4464-9d76-4281d933808e', '113e0d3c-8ba0-4cdd-9f0b-15fcbc01c29a'),
  ('a567747d-67b8-45a1-b2ff-b41227662135', '113e0d3c-8ba0-4cdd-9f0b-15fcbc01c29a'),
  ('1ceeaab4-604b-458e-9577-13df257d63af', '53faeb6a-5f4e-47cb-8fd8-94847ace7241'),
  ('1ceeaab4-604b-458e-9577-13df257d63af', 'ba459fc6-a504-4df0-ba32-cb6f2c79e5a9'),
  ('1ceeaab4-604b-458e-9577-13df257d63af', '5f1ba667-00aa-4e99-a2ef-2fabe3aaae90'),
  ('1ceeaab4-604b-458e-9577-13df257d63af', '74bc7582-587a-4e88-b7c0-8a1176b7866e'),
  ('5f9ab2a8-d5c0-4e99-b017-fdcc042b277f', '5f1ba667-00aa-4e99-a2ef-2fabe3aaae90'),
  ('5f9ab2a8-d5c0-4e99-b017-fdcc042b277f', 'e78755d4-59d8-4ae1-9956-4563530da19a'),
  ('79db10aa-fbfe-4257-b1d9-8944d94c92ce', '3de520aa-3a3b-425b-b296-2b69dcaac92e'),
  ('79db10aa-fbfe-4257-b1d9-8944d94c92ce', '0cc2b5cf-b5bc-42ff-9b0a-ad36044efff2'),
  ('c073edb5-67f6-44ed-b346-b59e967d22fe', '99d226e7-403f-476e-88bc-8f9cafdfcca1'),
  ('c073edb5-67f6-44ed-b346-b59e967d22fe', '7cd45604-2567-4c22-b6f1-3bb46501eb67'),
  ('c073edb5-67f6-44ed-b346-b59e967d22fe', '16245bef-a7e6-4919-8293-7e0476584835'),
  ('6ab82c9c-fe37-4190-981b-d20a97269e82', '7cd45604-2567-4c22-b6f1-3bb46501eb67'),
  ('6ab82c9c-fe37-4190-981b-d20a97269e82', 'e78755d4-59d8-4ae1-9956-4563530da19a'),
  ('6ab82c9c-fe37-4190-981b-d20a97269e82', '99d226e7-403f-476e-88bc-8f9cafdfcca1'),
  ('6ab82c9c-fe37-4190-981b-d20a97269e82', '4c7ff40c-7439-48c3-942c-3d39677656db'),
  ('5b7e3a87-345d-4273-8584-b11213c02db4', 'c462717b-d89a-4ba6-9713-2c2fc8b4d515'),
  ('5b7e3a87-345d-4273-8584-b11213c02db4', '346f470d-c623-47f8-8858-eff014cf06b8'),
  ('5b7e3a87-345d-4273-8584-b11213c02db4', '113e0d3c-8ba0-4cdd-9f0b-15fcbc01c29a'),
  ('5b7e3a87-345d-4273-8584-b11213c02db4', '5f1ba667-00aa-4e99-a2ef-2fabe3aaae90'),
  ('5b7e3a87-345d-4273-8584-b11213c02db4', '5450c12a-b06b-4b24-9c1b-a842ce7eb724'),
  ('e851db78-52f9-4c05-a1c6-db3cc36d5c94', '5f1ba667-00aa-4e99-a2ef-2fabe3aaae90'),
  ('6004b45a-f5db-4159-b27d-6a4c70b06e4a', '7cd45604-2567-4c22-b6f1-3bb46501eb67'),
  ('6004b45a-f5db-4159-b27d-6a4c70b06e4a', '18d814de-2ff0-4b4a-9601-280660e9dd36'),
  ('39fe12d8-da6d-494a-88bf-241e1085457c', '7f9aad4c-235a-4b27-ae12-00b1d98e8a34'),
  ('39fe12d8-da6d-494a-88bf-241e1085457c', 'e78755d4-59d8-4ae1-9956-4563530da19a'),
  ('39fe12d8-da6d-494a-88bf-241e1085457c', '99d226e7-403f-476e-88bc-8f9cafdfcca1'),
  ('39fe12d8-da6d-494a-88bf-241e1085457c', '592a1e00-7110-4cb5-a0ba-1a06b7e3c41e'),
  ('0712da6f-8694-4b54-a31e-d5a49ade625e', '5450c12a-b06b-4b24-9c1b-a842ce7eb724'),
  ('0712da6f-8694-4b54-a31e-d5a49ade625e', 'a49a6011-4ec4-48fd-96ab-cdd16eadc385'),
  ('0712da6f-8694-4b54-a31e-d5a49ade625e', '99d226e7-403f-476e-88bc-8f9cafdfcca1'),
  ('4f904c93-4ef6-41fa-bef3-aae49fb0df09', '4aaf5b77-164f-4644-9369-bc0071cf6bdf'),
  ('4f904c93-4ef6-41fa-bef3-aae49fb0df09', 'e78755d4-59d8-4ae1-9956-4563530da19a'),
  ('4f904c93-4ef6-41fa-bef3-aae49fb0df09', '455bf954-d971-465d-a166-4edcfaac3662'),
  ('4f904c93-4ef6-41fa-bef3-aae49fb0df09', 'b751c606-23df-4b68-9749-f4d63c895994'),
  ('4f904c93-4ef6-41fa-bef3-aae49fb0df09', '4c7ff40c-7439-48c3-942c-3d39677656db'),
  ('71b136f0-1a2c-48b7-9e75-6b444a5935a0', 'ba459fc6-a504-4df0-ba32-cb6f2c79e5a9'),
  ('71b136f0-1a2c-48b7-9e75-6b444a5935a0', '7f9aad4c-235a-4b27-ae12-00b1d98e8a34'),
  ('71b136f0-1a2c-48b7-9e75-6b444a5935a0', '69581990-9fc5-42fe-8016-32e40c8b9c82'),
  ('71b136f0-1a2c-48b7-9e75-6b444a5935a0', '113e0d3c-8ba0-4cdd-9f0b-15fcbc01c29a'),
  ('71b136f0-1a2c-48b7-9e75-6b444a5935a0', '5f1ba667-00aa-4e99-a2ef-2fabe3aaae90'),
  ('00e045a0-09a3-4e2f-a3e5-a6c8362e489d', '18d814de-2ff0-4b4a-9601-280660e9dd36'),
  ('32858164-e53d-4606-be21-4c1f904f58cf', '99d226e7-403f-476e-88bc-8f9cafdfcca1'),
  ('32858164-e53d-4606-be21-4c1f904f58cf', '18d814de-2ff0-4b4a-9601-280660e9dd36'),
  ('32858164-e53d-4606-be21-4c1f904f58cf', '7f9aad4c-235a-4b27-ae12-00b1d98e8a34'),
  ('32858164-e53d-4606-be21-4c1f904f58cf', '346f470d-c623-47f8-8858-eff014cf06b8'),
  ('6613d126-83f0-43ef-b514-e8df7aea36f4', 'a49a6011-4ec4-48fd-96ab-cdd16eadc385'),
  ('5e4e65d3-ae04-4971-a8cc-6a139eac97fb', 'e2d2d58c-eb34-437a-9861-c4d24d83d288'),
  ('5e4e65d3-ae04-4971-a8cc-6a139eac97fb', '18d814de-2ff0-4b4a-9601-280660e9dd36'),
  ('5e4e65d3-ae04-4971-a8cc-6a139eac97fb', '3de520aa-3a3b-425b-b296-2b69dcaac92e'),
  ('5e4e65d3-ae04-4971-a8cc-6a139eac97fb', '69581990-9fc5-42fe-8016-32e40c8b9c82'),
  ('5e4e65d3-ae04-4971-a8cc-6a139eac97fb', '346f470d-c623-47f8-8858-eff014cf06b8'),
  ('3eecc85c-6f6f-4d4a-b4d5-707f6a93c9d1', 'a49a6011-4ec4-48fd-96ab-cdd16eadc385'),
  ('3eecc85c-6f6f-4d4a-b4d5-707f6a93c9d1', '113e0d3c-8ba0-4cdd-9f0b-15fcbc01c29a'),
  ('de92aa7a-7ef0-4286-8aa1-a96c497252c3', '0cc2b5cf-b5bc-42ff-9b0a-ad36044efff2'),
  ('70865cc2-9154-4870-86ec-3dc3d5c689e6', '16245bef-a7e6-4919-8293-7e0476584835'),
  ('31b2711c-09eb-4e0c-9936-45711ee959de', 'e78755d4-59d8-4ae1-9956-4563530da19a'),
  ('31b2711c-09eb-4e0c-9936-45711ee959de', '455bf954-d971-465d-a166-4edcfaac3662'),
  ('31b2711c-09eb-4e0c-9936-45711ee959de', 'ba459fc6-a504-4df0-ba32-cb6f2c79e5a9'),
  ('31b2711c-09eb-4e0c-9936-45711ee959de', '7cd45604-2567-4c22-b6f1-3bb46501eb67'),
  ('31b2711c-09eb-4e0c-9936-45711ee959de', '5544b545-cb21-43fd-9230-216d6a1ad3dd'),
  ('dabdcc8c-3322-45b5-8454-a4b6a8c3fd52', 'a49a6011-4ec4-48fd-96ab-cdd16eadc385'),
  ('dabdcc8c-3322-45b5-8454-a4b6a8c3fd52', '455bf954-d971-465d-a166-4edcfaac3662'),
  ('dabdcc8c-3322-45b5-8454-a4b6a8c3fd52', 'e78755d4-59d8-4ae1-9956-4563530da19a'),
  ('831a5056-c9d9-4870-a215-2552dffca1eb', '4ca93a0d-193d-4181-b7ed-3579e6944ce5'),
  ('831a5056-c9d9-4870-a215-2552dffca1eb', '69581990-9fc5-42fe-8016-32e40c8b9c82'),
  ('831a5056-c9d9-4870-a215-2552dffca1eb', '53faeb6a-5f4e-47cb-8fd8-94847ace7241'),
  ('7017fa4f-23eb-4732-ab53-b3b35172bb36', '346f470d-c623-47f8-8858-eff014cf06b8'),
  ('7017fa4f-23eb-4732-ab53-b3b35172bb36', 'e2d2d58c-eb34-437a-9861-c4d24d83d288'),
  ('7017fa4f-23eb-4732-ab53-b3b35172bb36', '68042ae5-2969-4f25-bf65-c436f4dd1977'),
  ('9697f6a7-0ccd-4b63-9bd6-89be1c182b39', '74bc7582-587a-4e88-b7c0-8a1176b7866e'),
  ('9697f6a7-0ccd-4b63-9bd6-89be1c182b39', '113e0d3c-8ba0-4cdd-9f0b-15fcbc01c29a'),
  ('9697f6a7-0ccd-4b63-9bd6-89be1c182b39', 'e78755d4-59d8-4ae1-9956-4563530da19a'),
  ('7277cb04-e508-46dd-bca8-53ee6c0365ed', 'c9ce316b-f05d-4a51-8a81-5ee3a73eea81'),
  ('7277cb04-e508-46dd-bca8-53ee6c0365ed', '4ca93a0d-193d-4181-b7ed-3579e6944ce5'),
  ('7277cb04-e508-46dd-bca8-53ee6c0365ed', '7f9aad4c-235a-4b27-ae12-00b1d98e8a34'),
  ('7277cb04-e508-46dd-bca8-53ee6c0365ed', 'e78755d4-59d8-4ae1-9956-4563530da19a'),
  ('7277cb04-e508-46dd-bca8-53ee6c0365ed', '113e0d3c-8ba0-4cdd-9f0b-15fcbc01c29a'),
  ('05e5f69c-3005-4087-b1b8-e55d76484234', 'acee9d30-3a76-4ca6-8d02-bdc24903742b'),
  ('05e5f69c-3005-4087-b1b8-e55d76484234', 'b751c606-23df-4b68-9749-f4d63c895994'),
  ('05e5f69c-3005-4087-b1b8-e55d76484234', '592a1e00-7110-4cb5-a0ba-1a06b7e3c41e'),
  ('05e5f69c-3005-4087-b1b8-e55d76484234', '5544b545-cb21-43fd-9230-216d6a1ad3dd'),
  ('05e5f69c-3005-4087-b1b8-e55d76484234', '3de520aa-3a3b-425b-b296-2b69dcaac92e'),
  ('e072e574-fc58-49e4-a68c-fd1f3ce7a8d5', 'e2d2d58c-eb34-437a-9861-c4d24d83d288'),
  ('e072e574-fc58-49e4-a68c-fd1f3ce7a8d5', '74bc7582-587a-4e88-b7c0-8a1176b7866e'),
  ('0c49c958-d753-4e62-9802-7f6cbc1daf44', '346f470d-c623-47f8-8858-eff014cf06b8'),
  ('0c49c958-d753-4e62-9802-7f6cbc1daf44', '3de520aa-3a3b-425b-b296-2b69dcaac92e'),
  ('0c49c958-d753-4e62-9802-7f6cbc1daf44', '69581990-9fc5-42fe-8016-32e40c8b9c82'),
  ('c24774d0-1ed2-4ea2-8fb7-ba2a21739bcc', '4c7ff40c-7439-48c3-942c-3d39677656db'),
  ('c24774d0-1ed2-4ea2-8fb7-ba2a21739bcc', 'd8f697d3-1142-40e9-9405-afa453a20be1'),
  ('c24774d0-1ed2-4ea2-8fb7-ba2a21739bcc', 'c9ce316b-f05d-4a51-8a81-5ee3a73eea81'),
  ('c24774d0-1ed2-4ea2-8fb7-ba2a21739bcc', 'acee9d30-3a76-4ca6-8d02-bdc24903742b'),
  ('0bb26f5b-def4-4e61-b141-47aac70caa9c', '68042ae5-2969-4f25-bf65-c436f4dd1977'),
  ('0bb26f5b-def4-4e61-b141-47aac70caa9c', 'c9ce316b-f05d-4a51-8a81-5ee3a73eea81'),
  ('0bb26f5b-def4-4e61-b141-47aac70caa9c', '5544b545-cb21-43fd-9230-216d6a1ad3dd'),
  ('0bb26f5b-def4-4e61-b141-47aac70caa9c', '3de520aa-3a3b-425b-b296-2b69dcaac92e'),
  ('0a440d3e-9949-46c4-8e3c-0adfc4007b12', '18d814de-2ff0-4b4a-9601-280660e9dd36'),
  ('0a440d3e-9949-46c4-8e3c-0adfc4007b12', '455bf954-d971-465d-a166-4edcfaac3662'),
  ('0a440d3e-9949-46c4-8e3c-0adfc4007b12', '74bc7582-587a-4e88-b7c0-8a1176b7866e'),
  ('0e8240a0-3dac-489d-8107-245a8e285e55', '16245bef-a7e6-4919-8293-7e0476584835'),
  ('0e8240a0-3dac-489d-8107-245a8e285e55', '18d814de-2ff0-4b4a-9601-280660e9dd36'),
  ('187b4d63-6cf2-4f96-8ac3-97c888e611df', '5544b545-cb21-43fd-9230-216d6a1ad3dd'),
  ('187b4d63-6cf2-4f96-8ac3-97c888e611df', '3de520aa-3a3b-425b-b296-2b69dcaac92e'),
  ('187b4d63-6cf2-4f96-8ac3-97c888e611df', '69581990-9fc5-42fe-8016-32e40c8b9c82'),
  ('187b4d63-6cf2-4f96-8ac3-97c888e611df', 'd8f697d3-1142-40e9-9405-afa453a20be1'),
  ('187b4d63-6cf2-4f96-8ac3-97c888e611df', '4ca93a0d-193d-4181-b7ed-3579e6944ce5');

-- EVENT_VOLUNTEERS
INSERT INTO event_volunteers (id, event_id, user_id, status, confirmed_at, cancelled_at) VALUES
  ('abd04718-5b26-4200-9edf-e1f35b002163', 'd4abe6ff-3acb-4e2e-be73-617afd272fc3', 'bdaead73-8170-4f45-83e3-ba833e13b23f', 'CONFIRMED', '2026-02-24 00:17:34+00', NULL),
  ('fcac1346-d2b1-43d0-8e16-80ee2f5f4aa0', 'd4abe6ff-3acb-4e2e-be73-617afd272fc3', '4a7fca2d-5952-496e-8f81-900f436b06b8', 'CONFIRMED', '2026-03-18 00:17:34+00', NULL),
  ('b9cfce18-b32c-4ef3-9a3a-950cb732de3f', 'd4abe6ff-3acb-4e2e-be73-617afd272fc3', 'ca619f60-e9c1-444b-87bc-8e895c0d57ad', 'CONFIRMED', '2026-03-20 00:17:34+00', NULL),
  ('f149083d-1914-48e6-b95c-cf48aa8a2828', 'd4abe6ff-3acb-4e2e-be73-617afd272fc3', '1b5534de-db17-4748-ad1f-09e215eab261', 'CONFIRMED', '2026-04-15 00:17:34+00', NULL),
  ('25836397-9331-4bc3-ad55-b6346cbbb690', 'd4abe6ff-3acb-4e2e-be73-617afd272fc3', '4f461492-ffc0-4e0c-92b5-c451126660a5', 'CANCELLED', '2026-03-24 00:17:34+00', '2026-03-25 00:17:34+00'),
  ('e1912139-701c-4034-8628-ac55b89c90ce', 'd4abe6ff-3acb-4e2e-be73-617afd272fc3', 'ba581aaf-22c1-4657-9449-f0e0e6a4c510', 'CONFIRMED', '2026-03-01 00:17:34+00', NULL),
  ('edea1d51-f555-4af3-b449-008bd41a368d', 'd4abe6ff-3acb-4e2e-be73-617afd272fc3', '4324b307-da3d-4cf6-9628-42d94c12a50f', 'CANCELLED', '2026-03-14 00:17:34+00', '2026-04-21 00:17:34+00'),
  ('d1e6ae9e-54e0-470e-bd37-5acb670d1801', 'd4abe6ff-3acb-4e2e-be73-617afd272fc3', '29aacbc7-3748-476e-a9e6-40e17be3773c', 'CONFIRMED', '2026-02-26 00:17:34+00', NULL),
  ('582487d9-7eab-4562-916e-ba38ab3939ba', 'd4abe6ff-3acb-4e2e-be73-617afd272fc3', 'ca9b8cdc-cc69-468f-875d-c7e965912c15', 'CONFIRMED', '2026-03-28 00:17:34+00', NULL),
  ('5b14579a-5f6f-45c0-966f-bd5f77226123', 'd4abe6ff-3acb-4e2e-be73-617afd272fc3', 'b04d113c-8662-48c7-9852-8e047344623f', 'CONFIRMED', '2026-03-25 00:17:34+00', NULL),
  ('6bc31051-57f4-412f-a52f-591d656d8fee', '206e00b4-5d5b-412c-964b-e821b9b03c87', '215d2f20-5868-4d1f-8b5d-e5cd9f86d04e', 'CONFIRMED', '2026-03-15 00:17:34+00', NULL),
  ('8472d007-0104-43df-976b-0f86329e1c63', '206e00b4-5d5b-412c-964b-e821b9b03c87', '4324b307-da3d-4cf6-9628-42d94c12a50f', 'CONFIRMED', '2026-04-14 00:17:34+00', NULL),
  ('d006f99e-01ab-48af-b80c-27bb273f115f', '206e00b4-5d5b-412c-964b-e821b9b03c87', 'f6f99ebd-7df5-4625-b774-03232f8014f9', 'CONFIRMED', '2026-03-21 00:17:34+00', NULL),
  ('1535ef10-3ddf-46f0-a2dd-90c30062cfe2', '206e00b4-5d5b-412c-964b-e821b9b03c87', '0f250614-ed77-4ae0-9a75-52b1e4b0071f', 'CONFIRMED', '2026-02-23 00:17:34+00', NULL),
  ('0a647686-6328-4bb3-8293-bc2d273626dd', '206e00b4-5d5b-412c-964b-e821b9b03c87', 'b04d113c-8662-48c7-9852-8e047344623f', 'CONFIRMED', '2026-04-04 00:17:34+00', NULL),
  ('10ed3692-3758-478d-b33c-164a2c6b0237', '206e00b4-5d5b-412c-964b-e821b9b03c87', '3ade0f95-a244-4ef3-a899-0d967e1489ca', 'CANCELLED', '2026-03-29 00:17:34+00', '2026-04-07 00:17:34+00'),
  ('e17fac03-2ffa-4dc5-a2d6-8f5c1f44db03', '206e00b4-5d5b-412c-964b-e821b9b03c87', 'bdaead73-8170-4f45-83e3-ba833e13b23f', 'CANCELLED', '2026-03-26 00:17:34+00', '2026-04-03 00:17:34+00'),
  ('bdc59179-9dbc-4f9a-97e3-317adef8cd09', '206e00b4-5d5b-412c-964b-e821b9b03c87', '71a59698-14c1-4f18-ba56-81c93c99d1d2', 'CONFIRMED', '2026-03-22 00:17:34+00', NULL),
  ('9c3d0b59-fa0c-49ce-a648-14fa348ece35', '206e00b4-5d5b-412c-964b-e821b9b03c87', 'f27b3692-3ec2-4c65-847e-0771ff88d513', 'CONFIRMED', '2026-04-22 00:17:34+00', NULL),
  ('5b40aacf-d663-4cad-bc7a-1986e1880fa0', '206e00b4-5d5b-412c-964b-e821b9b03c87', 'ca619f60-e9c1-444b-87bc-8e895c0d57ad', 'CANCELLED', '2026-03-18 00:17:34+00', '2026-04-22 00:17:34+00'),
  ('0365539e-11d3-48e3-bba6-162d3d04fba7', '206e00b4-5d5b-412c-964b-e821b9b03c87', '990387e5-526a-4143-803e-c3cb438f3553', 'CANCELLED', '2026-03-10 00:17:34+00', '2026-04-14 00:17:34+00'),
  ('40dcd4d5-6ec4-4afd-8aba-d04c01471580', '206e00b4-5d5b-412c-964b-e821b9b03c87', 'e6aedbdd-3a5a-48ae-9d4f-73f036b05cf6', 'CANCELLED', '2026-03-22 00:17:34+00', '2026-03-27 00:17:34+00'),
  ('0e0f24eb-1555-4e5c-b682-b3c1635e9b64', '206e00b4-5d5b-412c-964b-e821b9b03c87', '13bfb2a6-af30-4042-9153-e5f305afe965', 'CONFIRMED', '2026-04-22 00:17:34+00', NULL),
  ('68883fd1-3103-4398-98fb-9007cbe8dd93', '206e00b4-5d5b-412c-964b-e821b9b03c87', 'ca9b8cdc-cc69-468f-875d-c7e965912c15', 'CONFIRMED', '2026-04-20 00:17:34+00', NULL),
  ('10365914-7add-4444-bf1d-736e61abbdbf', '206e00b4-5d5b-412c-964b-e821b9b03c87', 'c80134e8-4529-43c8-bf55-7b4079c350d0', 'CONFIRMED', '2026-03-07 00:17:34+00', NULL),
  ('9364f75b-fa12-4c68-a0c9-9dc8627ea9ef', '6f630d81-1a2c-4099-a652-09008bdd7234', '13bfb2a6-af30-4042-9153-e5f305afe965', 'CONFIRMED', '2026-04-16 00:17:34+00', NULL),
  ('93c6a5d7-a9c9-4250-ab14-e8ea222c34b8', '6f630d81-1a2c-4099-a652-09008bdd7234', 'bbbb9ab6-2d00-441b-884a-e3ea071e40b3', 'CONFIRMED', '2026-02-26 00:17:34+00', NULL),
  ('f0ffc2c4-1b89-4ba6-9f36-ba0f247ecfdf', '6f630d81-1a2c-4099-a652-09008bdd7234', '1cff449e-ee38-4f69-b8eb-37c09ebd7c38', 'CONFIRMED', '2026-03-12 00:17:34+00', NULL),
  ('c1aaee39-9f73-4ee8-b8f6-95be754040f5', '6f630d81-1a2c-4099-a652-09008bdd7234', 'be3d5837-6505-4a05-a4e7-c5e6bb0d2373', 'CONFIRMED', '2026-04-03 00:17:34+00', NULL),
  ('c896ab5a-96e0-4df5-8a5f-454d864f1123', '6f630d81-1a2c-4099-a652-09008bdd7234', 'b04d113c-8662-48c7-9852-8e047344623f', 'CANCELLED', '2026-03-13 00:17:34+00', '2026-04-01 00:17:34+00'),
  ('465c37d0-e056-441a-94e0-9075a92c9da9', '6f630d81-1a2c-4099-a652-09008bdd7234', 'f6f99ebd-7df5-4625-b774-03232f8014f9', 'CONFIRMED', '2026-03-29 00:17:34+00', NULL),
  ('eff988d4-10e4-443f-bc3d-0a63fbe73e3e', '6f630d81-1a2c-4099-a652-09008bdd7234', '1b5534de-db17-4748-ad1f-09e215eab261', 'CONFIRMED', '2026-02-23 00:17:34+00', NULL),
  ('d118ec1c-8d5d-438d-9104-5b93a6fc5925', '6f630d81-1a2c-4099-a652-09008bdd7234', 'f27b3692-3ec2-4c65-847e-0771ff88d513', 'CONFIRMED', '2026-03-23 00:17:34+00', NULL),
  ('15eee773-74e9-4911-9856-dc702280aba8', 'e18e4b1b-5c96-43be-8bac-c063e0d315eb', '273af719-0797-44a5-ac12-def38897cd8b', 'CANCELLED', '2026-04-09 00:17:34+00', '2026-04-17 00:17:34+00'),
  ('91f39ceb-4a1b-48ce-88f3-a4df44e7729f', 'e18e4b1b-5c96-43be-8bac-c063e0d315eb', '71a59698-14c1-4f18-ba56-81c93c99d1d2', 'CONFIRMED', '2026-04-22 00:17:34+00', NULL),
  ('f64213af-5209-4dca-9d3c-788a3b7286a3', 'e18e4b1b-5c96-43be-8bac-c063e0d315eb', '315db089-5c08-4b54-b6b6-b4df06999a82', 'CONFIRMED', '2026-04-18 00:17:34+00', NULL),
  ('6b3d4afd-996d-4b47-91de-05c72f2b2a6e', 'e18e4b1b-5c96-43be-8bac-c063e0d315eb', '999180cd-ff2a-4bba-9c3d-2d128a580b98', 'CANCELLED', '2026-04-22 00:17:34+00', '2026-04-06 00:17:34+00'),
  ('c8993c0c-722e-4ea0-b2ea-e836940fbdc9', 'e18e4b1b-5c96-43be-8bac-c063e0d315eb', 'ca619f60-e9c1-444b-87bc-8e895c0d57ad', 'CONFIRMED', '2026-03-23 00:17:34+00', NULL),
  ('374ac67f-5e9a-4b7b-a62b-c7c2d68a81ea', 'e18e4b1b-5c96-43be-8bac-c063e0d315eb', '4f461492-ffc0-4e0c-92b5-c451126660a5', 'CONFIRMED', '2026-04-12 00:17:34+00', NULL),
  ('be07cff9-3881-486b-8ea4-4e20cb33737c', 'e18e4b1b-5c96-43be-8bac-c063e0d315eb', '373d429b-c781-4957-bf34-e7ffba393755', 'CONFIRMED', '2026-04-23 00:17:34+00', NULL),
  ('c1836fb7-ff47-4d86-b7b2-83a83d452362', 'e18e4b1b-5c96-43be-8bac-c063e0d315eb', 'c12b1e6c-f245-47dc-9325-1dbd9d9d6749', 'CONFIRMED', '2026-04-01 00:17:34+00', NULL),
  ('b7a6af12-261a-4872-94ce-5410643096cc', 'e18e4b1b-5c96-43be-8bac-c063e0d315eb', '29aacbc7-3748-476e-a9e6-40e17be3773c', 'CANCELLED', '2026-03-18 00:17:34+00', '2026-03-28 00:17:34+00'),
  ('9b775fdd-07aa-4612-bba1-94fe674ac165', 'e18e4b1b-5c96-43be-8bac-c063e0d315eb', 'a65ddc4c-d5c2-47b9-bf00-46f47289b117', 'CONFIRMED', '2026-03-17 00:17:34+00', NULL),
  ('352f882d-857c-4459-9f62-eaf153fdc73e', 'e18e4b1b-5c96-43be-8bac-c063e0d315eb', 'eb983045-26af-453a-bda0-105a521651c3', 'CONFIRMED', '2026-04-08 00:17:34+00', NULL),
  ('5ea060f8-8395-46b1-aab0-d4efe60a3201', 'e18e4b1b-5c96-43be-8bac-c063e0d315eb', '453bf733-0036-40c4-9283-fc1722e213b5', 'CONFIRMED', '2026-03-03 00:17:34+00', NULL),
  ('9c4691c2-2963-4d25-adf6-29305fa0cd46', 'e18e4b1b-5c96-43be-8bac-c063e0d315eb', 'bdaead73-8170-4f45-83e3-ba833e13b23f', 'CANCELLED', '2026-03-14 00:17:34+00', '2026-04-06 00:17:34+00'),
  ('aae2884f-16d8-43a2-a611-779bfad09346', 'e18e4b1b-5c96-43be-8bac-c063e0d315eb', 'bbbb9ab6-2d00-441b-884a-e3ea071e40b3', 'CONFIRMED', '2026-03-01 00:17:34+00', NULL),
  ('72cdfabe-b48c-4865-8603-6f61d481aaeb', '2e7cf65d-2ce8-4b63-8d92-e5638a10e17f', 'f6f99ebd-7df5-4625-b774-03232f8014f9', 'CANCELLED', '2026-04-01 00:17:34+00', '2026-04-09 00:17:34+00'),
  ('6d9a4966-3b59-470b-bee3-7fbfcf79a746', '2e7cf65d-2ce8-4b63-8d92-e5638a10e17f', '453bf733-0036-40c4-9283-fc1722e213b5', 'CONFIRMED', '2026-03-01 00:17:34+00', NULL),
  ('583d2d9d-8648-43da-9867-0de9b4de24b3', '2e7cf65d-2ce8-4b63-8d92-e5638a10e17f', '8392c495-3a8f-455b-8fbb-f2479e957d91', 'CANCELLED', '2026-04-19 00:17:34+00', '2026-03-28 00:17:34+00'),
  ('e791b967-faf5-4c97-ae66-7142f338eb7d', '2e7cf65d-2ce8-4b63-8d92-e5638a10e17f', '1b5534de-db17-4748-ad1f-09e215eab261', 'CONFIRMED', '2026-04-02 00:17:34+00', NULL),
  ('0cd4a1e3-fa73-41e6-8836-814e7b9003f4', '2e7cf65d-2ce8-4b63-8d92-e5638a10e17f', '999180cd-ff2a-4bba-9c3d-2d128a580b98', 'CANCELLED', '2026-04-17 00:17:34+00', '2026-04-05 00:17:34+00'),
  ('99ef2e2b-71f8-4cc8-90a6-fc7aa13c3d65', '2e7cf65d-2ce8-4b63-8d92-e5638a10e17f', 'b04d113c-8662-48c7-9852-8e047344623f', 'CANCELLED', '2026-03-05 00:17:34+00', '2026-04-03 00:17:34+00'),
  ('dc5bc472-2855-4b3a-a8dd-1e99f8802958', '2e7cf65d-2ce8-4b63-8d92-e5638a10e17f', 'c12b1e6c-f245-47dc-9325-1dbd9d9d6749', 'CONFIRMED', '2026-03-08 00:17:34+00', NULL),
  ('a5555864-85b2-45f0-82f2-f236e70f2ae3', '2e7cf65d-2ce8-4b63-8d92-e5638a10e17f', 'c561b49b-d2e3-4d02-a98c-5aae06582950', 'CONFIRMED', '2026-04-16 00:17:34+00', NULL),
  ('f6670d67-72ee-4c54-817c-7d73ae66830e', '2e7cf65d-2ce8-4b63-8d92-e5638a10e17f', 'bdaead73-8170-4f45-83e3-ba833e13b23f', 'CONFIRMED', '2026-02-27 00:17:34+00', NULL),
  ('63a46d04-0573-4179-af18-5ca944a398f9', '2e7cf65d-2ce8-4b63-8d92-e5638a10e17f', '6e0d6e60-71e0-4eda-adb6-e7e8f066cfd7', 'CONFIRMED', '2026-04-10 00:17:34+00', NULL),
  ('140e3a3e-f815-4baf-801d-0764158a3943', '2e7cf65d-2ce8-4b63-8d92-e5638a10e17f', '81e952ba-1dae-4257-ad02-da0170afb268', 'CONFIRMED', '2026-04-10 00:17:34+00', NULL),
  ('eb59a42e-0de9-431b-b4be-3bd0a08c3930', '2e7cf65d-2ce8-4b63-8d92-e5638a10e17f', 'ca9b8cdc-cc69-468f-875d-c7e965912c15', 'CONFIRMED', '2026-03-27 00:17:34+00', NULL),
  ('ac15346d-0cd5-4c38-8753-12c3537b1c1e', '2e7cf65d-2ce8-4b63-8d92-e5638a10e17f', 'be3d5837-6505-4a05-a4e7-c5e6bb0d2373', 'CONFIRMED', '2026-04-08 00:17:34+00', NULL),
  ('3baae29a-2514-4710-8a3c-cae9179decdd', '2e7cf65d-2ce8-4b63-8d92-e5638a10e17f', 'cf56ab37-9137-44b9-96e3-afe605543698', 'CONFIRMED', '2026-02-26 00:17:34+00', NULL),
  ('6ca181a1-b35c-493a-8034-3fa9ba71ecba', '37267389-ce0f-4472-b429-b05533f6ca9a', 'be3d5837-6505-4a05-a4e7-c5e6bb0d2373', 'CANCELLED', '2026-04-16 00:17:34+00', '2026-04-23 00:17:34+00'),
  ('35d2158c-da9b-4a5b-8b34-429e3968921d', '37267389-ce0f-4472-b429-b05533f6ca9a', '4324b307-da3d-4cf6-9628-42d94c12a50f', 'CONFIRMED', '2026-04-08 00:17:34+00', NULL),
  ('96d573b6-2a5c-44de-bcb7-802994e9c896', '37267389-ce0f-4472-b429-b05533f6ca9a', 'bbbb9ab6-2d00-441b-884a-e3ea071e40b3', 'CONFIRMED', '2026-03-21 00:17:34+00', NULL),
  ('3c61dae8-c55d-4079-8188-f4604af56de3', '37267389-ce0f-4472-b429-b05533f6ca9a', 'cbf58d56-18f8-4a17-8c5b-dc56cbd6f61d', 'CANCELLED', '2026-04-15 00:17:34+00', '2026-04-05 00:17:34+00'),
  ('860d7516-7af5-4201-87f3-14b6e5c009ce', '6108ef54-986e-4d32-bcec-d1783314825e', '9c7be44f-b511-4654-8cf0-42366ab9e858', 'CONFIRMED', '2026-04-12 00:17:34+00', NULL),
  ('a7375a10-35f2-4fbf-9779-fdab4afca06c', '6108ef54-986e-4d32-bcec-d1783314825e', 'be3d5837-6505-4a05-a4e7-c5e6bb0d2373', 'CANCELLED', '2026-04-14 00:17:34+00', '2026-04-14 00:17:34+00'),
  ('dee14e58-e1b1-4211-9fe8-22ba9d743d16', '6108ef54-986e-4d32-bcec-d1783314825e', 'ee14671c-9565-4eb0-8811-882f05314084', 'CANCELLED', '2026-03-08 00:17:34+00', '2026-04-04 00:17:34+00'),
  ('c299ba47-d0d6-447a-a66e-f6e2526e9291', '6108ef54-986e-4d32-bcec-d1783314825e', 'c3e35b63-b542-4510-a7c6-df88849a76e2', 'CONFIRMED', '2026-04-16 00:17:34+00', NULL),
  ('1d7840b2-6610-4b84-934b-7de137274b73', '6108ef54-986e-4d32-bcec-d1783314825e', '273af719-0797-44a5-ac12-def38897cd8b', 'CANCELLED', '2026-03-08 00:17:34+00', '2026-03-28 00:17:34+00'),
  ('1e4eeddb-1bc2-4ec7-8901-996ae8bb1180', '6108ef54-986e-4d32-bcec-d1783314825e', 'cbf58d56-18f8-4a17-8c5b-dc56cbd6f61d', 'CONFIRMED', '2026-03-08 00:17:34+00', NULL),
  ('47a5a726-3895-4a0b-b150-187fd5ee2d71', '6108ef54-986e-4d32-bcec-d1783314825e', 'e6aedbdd-3a5a-48ae-9d4f-73f036b05cf6', 'CONFIRMED', '2026-03-22 00:17:34+00', NULL),
  ('5679d403-e005-4b0c-b176-571c73b94751', '6108ef54-986e-4d32-bcec-d1783314825e', 'a305bf32-620f-48b5-83d8-50c7adaebe38', 'CANCELLED', '2026-02-25 00:17:34+00', '2026-04-08 00:17:34+00'),
  ('7d97b1ff-f648-4c1b-8acf-af77471c2bc9', '0c9e0787-6396-466b-9989-bb34d92434e4', '71a59698-14c1-4f18-ba56-81c93c99d1d2', 'CONFIRMED', '2026-03-08 00:17:34+00', NULL),
  ('6b13cbdf-65b8-42cb-b520-9c1963871ae2', '0c9e0787-6396-466b-9989-bb34d92434e4', 'be8e0e5b-219a-4781-831f-062fa0c08b2c', 'CANCELLED', '2026-03-21 00:17:34+00', '2026-03-29 00:17:34+00'),
  ('52369157-f74b-4371-8f17-6fcbbcd6f569', '0c9e0787-6396-466b-9989-bb34d92434e4', '29aacbc7-3748-476e-a9e6-40e17be3773c', 'CONFIRMED', '2026-04-06 00:17:34+00', NULL),
  ('f1ef0753-d0b5-4eeb-89b4-94c6777271ef', '0c9e0787-6396-466b-9989-bb34d92434e4', '1cff449e-ee38-4f69-b8eb-37c09ebd7c38', 'CONFIRMED', '2026-03-20 00:17:34+00', NULL),
  ('d703097c-3a1b-46c2-9c42-b952ed9f1a8a', '0c9e0787-6396-466b-9989-bb34d92434e4', '215d2f20-5868-4d1f-8b5d-e5cd9f86d04e', 'CONFIRMED', '2026-03-07 00:17:34+00', NULL),
  ('04a977b8-039e-4062-9412-9806ddf33a80', '0c9e0787-6396-466b-9989-bb34d92434e4', 'ee14671c-9565-4eb0-8811-882f05314084', 'CONFIRMED', '2026-03-31 00:17:34+00', NULL),
  ('b2784d61-787b-4729-b922-814b9a4fcf17', '0c9e0787-6396-466b-9989-bb34d92434e4', 'eb983045-26af-453a-bda0-105a521651c3', 'CONFIRMED', '2026-04-12 00:17:34+00', NULL),
  ('820282e9-add0-4615-af30-44ae20409cce', '0c9e0787-6396-466b-9989-bb34d92434e4', '1b5534de-db17-4748-ad1f-09e215eab261', 'CONFIRMED', '2026-04-17 00:17:34+00', NULL),
  ('0db328ec-d641-4896-bec1-3b37ad536758', '0c9e0787-6396-466b-9989-bb34d92434e4', 'a305bf32-620f-48b5-83d8-50c7adaebe38', 'CONFIRMED', '2026-04-05 00:17:34+00', NULL),
  ('f124affb-0fb8-4bf2-9d40-f9dc34055c3f', '0c9e0787-6396-466b-9989-bb34d92434e4', '3251b95b-e151-49fc-9016-aa50c8d6c1fb', 'CANCELLED', '2026-03-16 00:17:34+00', '2026-04-03 00:17:34+00'),
  ('8bdaa531-128e-4609-9514-009bc1e5092c', '0c9e0787-6396-466b-9989-bb34d92434e4', 'f6f99ebd-7df5-4625-b774-03232f8014f9', 'CANCELLED', '2026-04-10 00:17:34+00', '2026-04-13 00:17:34+00'),
  ('5ed6e428-defb-4777-8de0-518bf8ed202a', '0c9e0787-6396-466b-9989-bb34d92434e4', '999180cd-ff2a-4bba-9c3d-2d128a580b98', 'CONFIRMED', '2026-04-10 00:17:34+00', NULL),
  ('895c411f-8649-431c-8bd7-2d5374cd93d8', '0c9e0787-6396-466b-9989-bb34d92434e4', 'bbbb9ab6-2d00-441b-884a-e3ea071e40b3', 'CONFIRMED', '2026-03-15 00:17:34+00', NULL),
  ('7e7be5df-5064-4b34-95c7-b438a0dc05a0', '0c9e0787-6396-466b-9989-bb34d92434e4', '6e0d6e60-71e0-4eda-adb6-e7e8f066cfd7', 'CONFIRMED', '2026-04-06 00:17:34+00', NULL),
  ('0746f5ea-73cd-4285-b7ed-8bcc9cf6be76', '0c9e0787-6396-466b-9989-bb34d92434e4', '4fcfb31f-2212-43a2-989d-79d944dc1791', 'CANCELLED', '2026-03-11 00:17:34+00', '2026-04-14 00:17:34+00'),
  ('164c0750-bce2-4e1a-ab2b-ac9f1208cdbc', '621b42d1-3026-486f-b05b-a0f54fdff2da', '4a7fca2d-5952-496e-8f81-900f436b06b8', 'CONFIRMED', '2026-04-23 00:17:34+00', NULL),
  ('c63dc91e-460a-4ae1-9ab9-0b8b15477034', '621b42d1-3026-486f-b05b-a0f54fdff2da', '453bf733-0036-40c4-9283-fc1722e213b5', 'CONFIRMED', '2026-03-24 00:17:34+00', NULL),
  ('7d1ef402-f178-4cc7-ae69-2d1c7006ed28', '621b42d1-3026-486f-b05b-a0f54fdff2da', '5c9d33c4-3f41-4238-bb3d-b421837efb77', 'CONFIRMED', '2026-02-25 00:17:34+00', NULL),
  ('847baa5b-ce51-4d75-89cb-e4eefcde72a4', '621b42d1-3026-486f-b05b-a0f54fdff2da', '4324b307-da3d-4cf6-9628-42d94c12a50f', 'CONFIRMED', '2026-03-20 00:17:34+00', NULL),
  ('ff174abe-006e-46da-ba76-00a71bdb5b62', '621b42d1-3026-486f-b05b-a0f54fdff2da', '999180cd-ff2a-4bba-9c3d-2d128a580b98', 'CONFIRMED', '2026-04-07 00:17:34+00', NULL),
  ('74cd76ff-69a2-4016-a893-ed6d4d8cdb22', '621b42d1-3026-486f-b05b-a0f54fdff2da', 'cbf58d56-18f8-4a17-8c5b-dc56cbd6f61d', 'CONFIRMED', '2026-04-02 00:17:34+00', NULL),
  ('cdd9eed0-efba-44a9-b951-dfcef2d4111b', '621b42d1-3026-486f-b05b-a0f54fdff2da', 'ca619f60-e9c1-444b-87bc-8e895c0d57ad', 'CONFIRMED', '2026-02-24 00:17:34+00', NULL),
  ('1963a11b-02c3-4d64-998e-1a8cdb273918', '621b42d1-3026-486f-b05b-a0f54fdff2da', '273af719-0797-44a5-ac12-def38897cd8b', 'CONFIRMED', '2026-03-10 00:17:34+00', NULL),
  ('7036dc2f-237f-419d-bca7-9daa19b08822', '621b42d1-3026-486f-b05b-a0f54fdff2da', '215d2f20-5868-4d1f-8b5d-e5cd9f86d04e', 'CONFIRMED', '2026-03-21 00:17:34+00', NULL),
  ('2bb7fff6-0e25-41e2-a38e-b7b805e4c6c2', 'c64e0e3b-b066-44de-a3fd-946ccd925a7d', '6e0d6e60-71e0-4eda-adb6-e7e8f066cfd7', 'CONFIRMED', '2026-03-26 00:17:34+00', NULL),
  ('451eab0b-5948-464a-87be-3e9e1b5fa498', 'c64e0e3b-b066-44de-a3fd-946ccd925a7d', '315db089-5c08-4b54-b6b6-b4df06999a82', 'CONFIRMED', '2026-03-25 00:17:34+00', NULL),
  ('8261d923-e844-44b7-afe3-6833e38379e4', 'c64e0e3b-b066-44de-a3fd-946ccd925a7d', 'a305bf32-620f-48b5-83d8-50c7adaebe38', 'CONFIRMED', '2026-04-08 00:17:34+00', NULL),
  ('ed0c2480-c065-4339-a034-1b5dff328e6d', 'c64e0e3b-b066-44de-a3fd-946ccd925a7d', '5c9d33c4-3f41-4238-bb3d-b421837efb77', 'CONFIRMED', '2026-04-23 00:17:34+00', NULL),
  ('7998123b-541d-4df8-ab57-a8e29bd8870f', 'c64e0e3b-b066-44de-a3fd-946ccd925a7d', '365e2d3a-5ec6-4aff-b9af-e44e2fc4bfe6', 'CONFIRMED', '2026-04-01 00:17:34+00', NULL),
  ('d10d5575-3964-4d99-b6f3-7798cb940cf4', 'c64e0e3b-b066-44de-a3fd-946ccd925a7d', '0f250614-ed77-4ae0-9a75-52b1e4b0071f', 'CONFIRMED', '2026-04-05 00:17:34+00', NULL),
  ('8c716a55-6a97-49b3-90ce-18e0ae293ba9', 'c64e0e3b-b066-44de-a3fd-946ccd925a7d', 'c54c312a-a323-49b5-9986-72511abc4feb', 'CONFIRMED', '2026-04-23 00:17:34+00', NULL),
  ('a1ded0bb-b7d6-40e5-8be7-609425348c4c', 'c64e0e3b-b066-44de-a3fd-946ccd925a7d', 'a65ddc4c-d5c2-47b9-bf00-46f47289b117', 'CONFIRMED', '2026-04-19 00:17:34+00', NULL),
  ('2873862a-7f4c-4e7f-858f-a06e5cf3bf1d', 'c64e0e3b-b066-44de-a3fd-946ccd925a7d', 'e0184fb5-f264-4105-8fa9-85fc0a4055e1', 'CONFIRMED', '2026-02-24 00:17:34+00', NULL),
  ('bc1e4eed-2ed9-404d-b111-b580719fb121', 'c64e0e3b-b066-44de-a3fd-946ccd925a7d', 'ba581aaf-22c1-4657-9449-f0e0e6a4c510', 'CONFIRMED', '2026-02-25 00:17:34+00', NULL),
  ('1ab33acd-ddaf-4755-8051-030473c6b333', 'a1e35647-2e61-4142-a545-3cb8703ab67e', 'eb983045-26af-453a-bda0-105a521651c3', 'CONFIRMED', '2026-03-08 00:17:34+00', NULL),
  ('63d2f1c8-4d1c-41a2-ae6c-66844376391f', 'a1e35647-2e61-4142-a545-3cb8703ab67e', '4f461492-ffc0-4e0c-92b5-c451126660a5', 'CONFIRMED', '2026-04-07 00:17:34+00', NULL),
  ('08af1560-9c97-4a96-8144-edba39347b20', 'a1e35647-2e61-4142-a545-3cb8703ab67e', 'c3e35b63-b542-4510-a7c6-df88849a76e2', 'CONFIRMED', '2026-04-21 00:17:34+00', NULL),
  ('b3ef522d-8f97-4755-8837-c586a42c75a8', 'a1e35647-2e61-4142-a545-3cb8703ab67e', '29aacbc7-3748-476e-a9e6-40e17be3773c', 'CANCELLED', '2026-04-13 00:17:34+00', '2026-03-27 00:17:34+00'),
  ('cbc1ac34-b4a9-429b-b5d3-9192618350fb', 'a1e35647-2e61-4142-a545-3cb8703ab67e', '315db089-5c08-4b54-b6b6-b4df06999a82', 'CONFIRMED', '2026-04-18 00:17:34+00', NULL),
  ('2b91ff7c-88cb-4733-a80c-513bbafcd00d', 'a1e35647-2e61-4142-a545-3cb8703ab67e', 'f6f99ebd-7df5-4625-b774-03232f8014f9', 'CONFIRMED', '2026-04-19 00:17:34+00', NULL),
  ('eab9c01e-1b91-4343-9661-779dd9339597', 'a1e35647-2e61-4142-a545-3cb8703ab67e', '215d2f20-5868-4d1f-8b5d-e5cd9f86d04e', 'CONFIRMED', '2026-03-12 00:17:34+00', NULL),
  ('96e88cc0-18b6-4ac1-ae00-5eff7b835332', 'a1e35647-2e61-4142-a545-3cb8703ab67e', '4fcfb31f-2212-43a2-989d-79d944dc1791', 'CONFIRMED', '2026-03-09 00:17:34+00', NULL),
  ('e9e20104-8a8c-4551-bb46-4026be18efaf', 'a1e35647-2e61-4142-a545-3cb8703ab67e', '999180cd-ff2a-4bba-9c3d-2d128a580b98', 'CONFIRMED', '2026-04-09 00:17:34+00', NULL),
  ('3009864e-b015-48b6-baa4-dcada0164d85', '1f274009-2279-49f4-8590-8c22d358174e', 'e6aedbdd-3a5a-48ae-9d4f-73f036b05cf6', 'CONFIRMED', '2026-04-11 00:17:34+00', NULL),
  ('3a841093-1203-4f29-824a-58282881af38', '1f274009-2279-49f4-8590-8c22d358174e', '8392c495-3a8f-455b-8fbb-f2479e957d91', 'CANCELLED', '2026-04-22 00:17:34+00', '2026-04-13 00:17:34+00'),
  ('72bb005a-9d8b-4fbd-bbbb-cff69d92436c', '1f274009-2279-49f4-8590-8c22d358174e', '373d429b-c781-4957-bf34-e7ffba393755', 'CONFIRMED', '2026-04-10 00:17:34+00', NULL),
  ('afb1df1c-14e0-4499-aba9-a0d7e299b658', '1f274009-2279-49f4-8590-8c22d358174e', '4a7fca2d-5952-496e-8f81-900f436b06b8', 'CANCELLED', '2026-03-26 00:17:34+00', '2026-04-21 00:17:34+00'),
  ('9e171cb9-5b95-428e-8b6c-8b0ff010d8f1', '1f274009-2279-49f4-8590-8c22d358174e', 'ca619f60-e9c1-444b-87bc-8e895c0d57ad', 'CONFIRMED', '2026-03-21 00:17:34+00', NULL),
  ('636b5553-6722-4289-b551-f45431e84591', '1f274009-2279-49f4-8590-8c22d358174e', 'c3e35b63-b542-4510-a7c6-df88849a76e2', 'CONFIRMED', '2026-03-08 00:17:34+00', NULL),
  ('75b3fc6c-27fc-48ef-a72a-6498825fcb9b', '1f274009-2279-49f4-8590-8c22d358174e', '13bfb2a6-af30-4042-9153-e5f305afe965', 'CONFIRMED', '2026-03-06 00:17:34+00', NULL),
  ('3d93a958-16dd-4371-ac9a-ccbbb0fcf787', '1f274009-2279-49f4-8590-8c22d358174e', '453bf733-0036-40c4-9283-fc1722e213b5', 'CONFIRMED', '2026-02-24 00:17:34+00', NULL),
  ('59cc5cc3-d75d-4fe0-86ac-d5b718196bb0', '1f274009-2279-49f4-8590-8c22d358174e', '4324b307-da3d-4cf6-9628-42d94c12a50f', 'CONFIRMED', '2026-02-27 00:17:34+00', NULL),
  ('5de6e504-c3b0-42f4-b6a1-3632737ba468', '1f274009-2279-49f4-8590-8c22d358174e', 'c12b1e6c-f245-47dc-9325-1dbd9d9d6749', 'CONFIRMED', '2026-03-18 00:17:34+00', NULL),
  ('f26e58f0-94d7-405f-beb2-c059e2e029ac', '1f274009-2279-49f4-8590-8c22d358174e', '3ade0f95-a244-4ef3-a899-0d967e1489ca', 'CANCELLED', '2026-03-25 00:17:34+00', '2026-04-10 00:17:34+00'),
  ('f0c480ce-eb2e-4549-84ee-236f0363ffdb', '1f274009-2279-49f4-8590-8c22d358174e', '365e2d3a-5ec6-4aff-b9af-e44e2fc4bfe6', 'CANCELLED', '2026-03-17 00:17:34+00', '2026-04-22 00:17:34+00'),
  ('31c54760-d20f-4241-b2a1-0ec73a8f732b', '8efcb9f6-cfe5-4669-8226-47b6ce6e8093', 'c80134e8-4529-43c8-bf55-7b4079c350d0', 'CONFIRMED', '2026-03-27 00:17:34+00', NULL),
  ('d0907a2a-b4a6-4f34-be95-1adf1d9ece45', '8efcb9f6-cfe5-4669-8226-47b6ce6e8093', 'b04d113c-8662-48c7-9852-8e047344623f', 'CONFIRMED', '2026-04-07 00:17:34+00', NULL),
  ('4fea8729-2a2d-4c98-b3e2-81d8bbdb618b', '8efcb9f6-cfe5-4669-8226-47b6ce6e8093', '71a59698-14c1-4f18-ba56-81c93c99d1d2', 'CANCELLED', '2026-03-30 00:17:34+00', '2026-04-02 00:17:34+00'),
  ('572dac8e-4476-42e4-a439-553c26882457', '8efcb9f6-cfe5-4669-8226-47b6ce6e8093', '999180cd-ff2a-4bba-9c3d-2d128a580b98', 'CONFIRMED', '2026-04-08 00:17:34+00', NULL),
  ('ec99c98c-bf64-4ab4-ab9e-894d3ea4383f', '8efcb9f6-cfe5-4669-8226-47b6ce6e8093', '365e2d3a-5ec6-4aff-b9af-e44e2fc4bfe6', 'CONFIRMED', '2026-03-29 00:17:34+00', NULL),
  ('1cab6a12-2873-419f-a371-9ff5571921c4', '8efcb9f6-cfe5-4669-8226-47b6ce6e8093', 'a305bf32-620f-48b5-83d8-50c7adaebe38', 'CANCELLED', '2026-03-19 00:17:34+00', '2026-04-02 00:17:34+00'),
  ('45d23ebc-117e-4a74-8cac-30046ff86d2a', '8efcb9f6-cfe5-4669-8226-47b6ce6e8093', 'eb983045-26af-453a-bda0-105a521651c3', 'CONFIRMED', '2026-04-06 00:17:34+00', NULL),
  ('04b90c6c-4aa4-4ca3-882c-ba80a7618658', '8efcb9f6-cfe5-4669-8226-47b6ce6e8093', '29aacbc7-3748-476e-a9e6-40e17be3773c', 'CONFIRMED', '2026-03-07 00:17:34+00', NULL),
  ('36457c6c-e7fc-4e43-86ed-85477a211c8e', '8efcb9f6-cfe5-4669-8226-47b6ce6e8093', 'c12b1e6c-f245-47dc-9325-1dbd9d9d6749', 'CONFIRMED', '2026-03-18 00:17:34+00', NULL),
  ('e801ab80-ab08-497f-a089-1840012071d4', '8efcb9f6-cfe5-4669-8226-47b6ce6e8093', '4324b307-da3d-4cf6-9628-42d94c12a50f', 'CONFIRMED', '2026-02-23 00:17:34+00', NULL),
  ('c36511a0-8218-4b45-b1ea-445203dedadf', '8efcb9f6-cfe5-4669-8226-47b6ce6e8093', '0f250614-ed77-4ae0-9a75-52b1e4b0071f', 'CONFIRMED', '2026-04-22 00:17:34+00', NULL),
  ('72b50edb-a41d-4621-9cbc-e3dea6edca74', '7af7a1c7-0aef-4aa1-b9ce-584c31e80420', 'a65ddc4c-d5c2-47b9-bf00-46f47289b117', 'CONFIRMED', '2026-03-06 00:17:34+00', NULL),
  ('547834c7-cf50-4928-9ccb-13d1745438da', '7af7a1c7-0aef-4aa1-b9ce-584c31e80420', '6e0d6e60-71e0-4eda-adb6-e7e8f066cfd7', 'CONFIRMED', '2026-02-27 00:17:34+00', NULL),
  ('2463a573-e7ed-448b-b0e4-a4eda710dd99', '7af7a1c7-0aef-4aa1-b9ce-584c31e80420', '365e2d3a-5ec6-4aff-b9af-e44e2fc4bfe6', 'CONFIRMED', '2026-04-18 00:17:34+00', NULL),
  ('d145772c-c140-4b23-b435-75edd0e000c4', '7af7a1c7-0aef-4aa1-b9ce-584c31e80420', 'c12b1e6c-f245-47dc-9325-1dbd9d9d6749', 'CONFIRMED', '2026-03-26 00:17:34+00', NULL),
  ('c7c8b1cb-cf5f-497e-ae8d-bc25b30751e1', '7af7a1c7-0aef-4aa1-b9ce-584c31e80420', '1cff449e-ee38-4f69-b8eb-37c09ebd7c38', 'CONFIRMED', '2026-04-14 00:17:34+00', NULL),
  ('deb76c22-2fa4-4042-aebd-ad86b54a47ca', '7af7a1c7-0aef-4aa1-b9ce-584c31e80420', '29aacbc7-3748-476e-a9e6-40e17be3773c', 'CANCELLED', '2026-03-25 00:17:34+00', '2026-04-17 00:17:34+00'),
  ('7247c5f5-22e8-4f3d-aed1-0729f5b281ba', '7af7a1c7-0aef-4aa1-b9ce-584c31e80420', 'c561b49b-d2e3-4d02-a98c-5aae06582950', 'CONFIRMED', '2026-03-15 00:17:34+00', NULL),
  ('cc0b70be-8b7f-4472-9332-6ed9d7e06304', '7af7a1c7-0aef-4aa1-b9ce-584c31e80420', 'e6aedbdd-3a5a-48ae-9d4f-73f036b05cf6', 'CONFIRMED', '2026-03-07 00:17:34+00', NULL),
  ('3d04b47e-3ae6-4377-bec6-8e73a7a054ca', '7af7a1c7-0aef-4aa1-b9ce-584c31e80420', '1b5534de-db17-4748-ad1f-09e215eab261', 'CONFIRMED', '2026-03-23 00:17:34+00', NULL),
  ('080d5e3e-334b-4a12-aeb2-e102593978fa', '7af7a1c7-0aef-4aa1-b9ce-584c31e80420', 'b04d113c-8662-48c7-9852-8e047344623f', 'CONFIRMED', '2026-03-24 00:17:34+00', NULL),
  ('977a869e-c28e-451b-b661-1e5a04be10a2', '7af7a1c7-0aef-4aa1-b9ce-584c31e80420', 'ee14671c-9565-4eb0-8811-882f05314084', 'CONFIRMED', '2026-03-21 00:17:34+00', NULL),
  ('bcf1ade2-3bb0-43d2-8fd3-160368e77f78', '7af7a1c7-0aef-4aa1-b9ce-584c31e80420', '3251b95b-e151-49fc-9016-aa50c8d6c1fb', 'CONFIRMED', '2026-03-04 00:17:34+00', NULL),
  ('da9959f3-fd5a-433f-b431-985b605d4afa', '0d40ee77-f9e3-4ab3-aa12-1a18f0e0e865', '0f250614-ed77-4ae0-9a75-52b1e4b0071f', 'CONFIRMED', '2026-04-11 00:17:34+00', NULL),
  ('69c25d16-534b-4fce-9e07-d4db95a26ec7', '0d40ee77-f9e3-4ab3-aa12-1a18f0e0e865', 'ca619f60-e9c1-444b-87bc-8e895c0d57ad', 'CANCELLED', '2026-02-27 00:17:34+00', '2026-04-05 00:17:34+00'),
  ('831d1825-d855-49dd-bbc6-85151c1a8d27', '0d40ee77-f9e3-4ab3-aa12-1a18f0e0e865', '373d429b-c781-4957-bf34-e7ffba393755', 'CONFIRMED', '2026-03-26 00:17:34+00', NULL),
  ('c6845a4f-afe2-4f4a-a172-1e6544ad0d2d', '0d40ee77-f9e3-4ab3-aa12-1a18f0e0e865', 'cf56ab37-9137-44b9-96e3-afe605543698', 'CANCELLED', '2026-04-12 00:17:34+00', '2026-04-04 00:17:34+00'),
  ('fbae28ac-c4d2-49d7-8cad-2d9da4a5a06c', '0d40ee77-f9e3-4ab3-aa12-1a18f0e0e865', '4324b307-da3d-4cf6-9628-42d94c12a50f', 'CONFIRMED', '2026-04-19 00:17:34+00', NULL),
  ('773d1e8c-8900-4b76-aa47-c054434235dd', '0d40ee77-f9e3-4ab3-aa12-1a18f0e0e865', 'f27b3692-3ec2-4c65-847e-0771ff88d513', 'CONFIRMED', '2026-03-28 00:17:34+00', NULL),
  ('01f14f24-ac89-40e3-8ca7-ebee4a53d3eb', '0d40ee77-f9e3-4ab3-aa12-1a18f0e0e865', '5c9d33c4-3f41-4238-bb3d-b421837efb77', 'CANCELLED', '2026-04-15 00:17:34+00', '2026-04-14 00:17:34+00'),
  ('ba7c1b3c-8b46-448e-9684-9af4e2cb838c', 'b0f77281-ba6a-4a82-8deb-35d0e81c5c96', '5c9d33c4-3f41-4238-bb3d-b421837efb77', 'CANCELLED', '2026-04-02 00:17:34+00', '2026-04-09 00:17:34+00'),
  ('6bc49243-0bb0-4e38-b4a3-bd763f4bd24d', 'b0f77281-ba6a-4a82-8deb-35d0e81c5c96', 'ca9b8cdc-cc69-468f-875d-c7e965912c15', 'CONFIRMED', '2026-04-13 00:17:34+00', NULL),
  ('43c87dab-da51-448a-aee2-ec36778b182e', 'b0f77281-ba6a-4a82-8deb-35d0e81c5c96', 'be3d5837-6505-4a05-a4e7-c5e6bb0d2373', 'CONFIRMED', '2026-03-22 00:17:34+00', NULL),
  ('e838e9ee-eb92-443a-ace5-c6416e20bef4', 'b0f77281-ba6a-4a82-8deb-35d0e81c5c96', '1b5534de-db17-4748-ad1f-09e215eab261', 'CONFIRMED', '2026-04-06 00:17:34+00', NULL),
  ('a2cb99d2-ebc8-4293-b570-1b1349bbbcfe', 'b0f77281-ba6a-4a82-8deb-35d0e81c5c96', 'f6f99ebd-7df5-4625-b774-03232f8014f9', 'CONFIRMED', '2026-04-03 00:17:34+00', NULL),
  ('dbcb3ad6-9507-4bb6-bb57-34be45fe3774', 'b0f77281-ba6a-4a82-8deb-35d0e81c5c96', '4324b307-da3d-4cf6-9628-42d94c12a50f', 'CANCELLED', '2026-03-18 00:17:34+00', '2026-04-10 00:17:34+00'),
  ('077a989d-cd9e-4f01-a287-7dec636ab42f', 'b0f77281-ba6a-4a82-8deb-35d0e81c5c96', 'bdaead73-8170-4f45-83e3-ba833e13b23f', 'CONFIRMED', '2026-03-30 00:17:34+00', NULL),
  ('72261362-3f1e-4d4f-86b1-9cb6302b7553', 'b0f77281-ba6a-4a82-8deb-35d0e81c5c96', 'c561b49b-d2e3-4d02-a98c-5aae06582950', 'CONFIRMED', '2026-03-04 00:17:34+00', NULL),
  ('318569bd-f982-49e6-8132-31afe375662f', 'b0f77281-ba6a-4a82-8deb-35d0e81c5c96', 'ba581aaf-22c1-4657-9449-f0e0e6a4c510', 'CONFIRMED', '2026-03-09 00:17:34+00', NULL),
  ('108d746d-e7a4-454d-9269-d2467a058f2b', 'b0f77281-ba6a-4a82-8deb-35d0e81c5c96', '990387e5-526a-4143-803e-c3cb438f3553', 'CANCELLED', '2026-04-04 00:17:34+00', '2026-04-18 00:17:34+00'),
  ('88adb7d8-64f0-4ecc-bbff-73aa4f9207e3', 'b0f77281-ba6a-4a82-8deb-35d0e81c5c96', '3251b95b-e151-49fc-9016-aa50c8d6c1fb', 'CONFIRMED', '2026-03-23 00:17:34+00', NULL),
  ('9888d434-c4f6-497b-a9ce-2dcb058349f6', 'b0f77281-ba6a-4a82-8deb-35d0e81c5c96', 'c3e35b63-b542-4510-a7c6-df88849a76e2', 'CANCELLED', '2026-04-08 00:17:34+00', '2026-04-02 00:17:34+00'),
  ('f62924fa-9f0a-420f-8c84-cd59468dafda', 'b0f77281-ba6a-4a82-8deb-35d0e81c5c96', 'ee14671c-9565-4eb0-8811-882f05314084', 'CONFIRMED', '2026-02-27 00:17:34+00', NULL),
  ('16cdbba6-695a-4ae0-98dd-a883b4e8ab3b', '5244800d-2652-4db9-97ba-3621fd3ec508', '1cff449e-ee38-4f69-b8eb-37c09ebd7c38', 'CONFIRMED', '2026-03-15 00:17:34+00', NULL),
  ('dc86d87e-1a16-4610-81f4-06eedfde3b9f', '5244800d-2652-4db9-97ba-3621fd3ec508', 'bbbb9ab6-2d00-441b-884a-e3ea071e40b3', 'CONFIRMED', '2026-04-12 00:17:34+00', NULL),
  ('ca146c97-f4d4-4fec-b102-1b8b4bde0936', '5244800d-2652-4db9-97ba-3621fd3ec508', 'c12b1e6c-f245-47dc-9325-1dbd9d9d6749', 'CANCELLED', '2026-03-05 00:17:34+00', '2026-04-17 00:17:34+00'),
  ('8093eb28-84c0-459d-8355-00677f1dfc62', '17584c23-bd47-4360-99cc-6d912a9a4684', '4f461492-ffc0-4e0c-92b5-c451126660a5', 'CONFIRMED', '2026-03-28 00:17:34+00', NULL),
  ('25a2a0d4-2d10-4efd-8179-4fc66232a7fc', '17584c23-bd47-4360-99cc-6d912a9a4684', 'be8e0e5b-219a-4781-831f-062fa0c08b2c', 'CONFIRMED', '2026-04-23 00:17:34+00', NULL),
  ('50c792dd-95f0-4364-870d-1de8b7be14f6', '17584c23-bd47-4360-99cc-6d912a9a4684', '29aacbc7-3748-476e-a9e6-40e17be3773c', 'CONFIRMED', '2026-04-01 00:17:34+00', NULL),
  ('5d79d748-af9e-46b8-bcf9-d9602092c54d', '17584c23-bd47-4360-99cc-6d912a9a4684', 'e0184fb5-f264-4105-8fa9-85fc0a4055e1', 'CONFIRMED', '2026-02-26 00:17:34+00', NULL),
  ('942994a3-93d5-44c0-9b34-90b25e7375cd', '17584c23-bd47-4360-99cc-6d912a9a4684', '365e2d3a-5ec6-4aff-b9af-e44e2fc4bfe6', 'CONFIRMED', '2026-04-03 00:17:34+00', NULL),
  ('07aea21a-85ef-4b13-80ab-1c1595fb44fe', 'f3b8ee54-904d-4e33-bd74-909fae2922e8', 'ee14671c-9565-4eb0-8811-882f05314084', 'CONFIRMED', '2026-02-25 00:17:34+00', NULL),
  ('32da369f-6832-4cca-bb9d-684b2d8212d4', 'f3b8ee54-904d-4e33-bd74-909fae2922e8', '3251b95b-e151-49fc-9016-aa50c8d6c1fb', 'CANCELLED', '2026-04-05 00:17:34+00', '2026-04-11 00:17:34+00'),
  ('a9bf2a85-a988-4e21-8493-4fecb475b99c', 'f3b8ee54-904d-4e33-bd74-909fae2922e8', '215d2f20-5868-4d1f-8b5d-e5cd9f86d04e', 'CONFIRMED', '2026-04-02 00:17:34+00', NULL),
  ('8bfcf8df-8cba-46a3-9f48-a2d7633cf4cf', 'f3b8ee54-904d-4e33-bd74-909fae2922e8', '71a59698-14c1-4f18-ba56-81c93c99d1d2', 'CONFIRMED', '2026-03-19 00:17:34+00', NULL),
  ('a349d8ca-fd70-4bfa-8c9b-6ea8ac93eff9', 'f3b8ee54-904d-4e33-bd74-909fae2922e8', '315db089-5c08-4b54-b6b6-b4df06999a82', 'CONFIRMED', '2026-03-04 00:17:34+00', NULL),
  ('f90978ce-a86b-4d97-bba2-03f23edf93a0', 'f3b8ee54-904d-4e33-bd74-909fae2922e8', '3ade0f95-a244-4ef3-a899-0d967e1489ca', 'CONFIRMED', '2026-03-15 00:17:34+00', NULL),
  ('248d0ada-159e-4b08-b7c9-8caf4e32697f', 'f3b8ee54-904d-4e33-bd74-909fae2922e8', 'ba581aaf-22c1-4657-9449-f0e0e6a4c510', 'CONFIRMED', '2026-03-20 00:17:34+00', NULL),
  ('5b2ecd9c-4c74-45f1-ba85-b60d8bc49ea5', 'f3b8ee54-904d-4e33-bd74-909fae2922e8', 'be8e0e5b-219a-4781-831f-062fa0c08b2c', 'CONFIRMED', '2026-02-28 00:17:34+00', NULL),
  ('1827c7c5-da58-4f70-a974-194cb29d9249', 'f3b8ee54-904d-4e33-bd74-909fae2922e8', '4a7fca2d-5952-496e-8f81-900f436b06b8', 'CONFIRMED', '2026-04-16 00:17:34+00', NULL),
  ('f4ebfa49-192f-4f15-be6c-88eccbd545c5', 'f3b8ee54-904d-4e33-bd74-909fae2922e8', 'c3e35b63-b542-4510-a7c6-df88849a76e2', 'CONFIRMED', '2026-03-24 00:17:34+00', NULL),
  ('443af7fa-a849-4a07-be75-652ab093b16b', 'f3b8ee54-904d-4e33-bd74-909fae2922e8', 'e0184fb5-f264-4105-8fa9-85fc0a4055e1', 'CANCELLED', '2026-04-04 00:17:34+00', '2026-03-29 00:17:34+00'),
  ('87db125f-de28-4073-a57f-96a0cc7e2eb5', 'f3b8ee54-904d-4e33-bd74-909fae2922e8', '5c9d33c4-3f41-4238-bb3d-b421837efb77', 'CONFIRMED', '2026-03-23 00:17:34+00', NULL),
  ('dab7af54-1038-4122-b978-5c991821bbd3', 'f3b8ee54-904d-4e33-bd74-909fae2922e8', '0f250614-ed77-4ae0-9a75-52b1e4b0071f', 'CANCELLED', '2026-03-08 00:17:34+00', '2026-04-16 00:17:34+00'),
  ('b79ba591-5854-4d65-aac2-8a5c0c6439c2', 'f3b8ee54-904d-4e33-bd74-909fae2922e8', '453bf733-0036-40c4-9283-fc1722e213b5', 'CANCELLED', '2026-04-23 00:17:34+00', '2026-04-22 00:17:34+00'),
  ('0414dac8-a88f-4e5f-9276-9a4a195d9c15', 'f3b8ee54-904d-4e33-bd74-909fae2922e8', 'ca619f60-e9c1-444b-87bc-8e895c0d57ad', 'CONFIRMED', '2026-03-01 00:17:34+00', NULL),
  ('2fd2bc8e-f048-44ee-a602-569212e42874', 'a567747d-67b8-45a1-b2ff-b41227662135', '5c9d33c4-3f41-4238-bb3d-b421837efb77', 'CANCELLED', '2026-03-20 00:17:34+00', '2026-03-29 00:17:34+00'),
  ('cfc0f6f4-f20e-41f9-8ae2-01b4a2a1e636', 'a567747d-67b8-45a1-b2ff-b41227662135', '1b5534de-db17-4748-ad1f-09e215eab261', 'CANCELLED', '2026-04-11 00:17:34+00', '2026-04-13 00:17:34+00'),
  ('2d0e9f3b-e42e-4f83-b2a2-0e04f4c514a2', 'a567747d-67b8-45a1-b2ff-b41227662135', 'ba581aaf-22c1-4657-9449-f0e0e6a4c510', 'CONFIRMED', '2026-03-27 00:17:34+00', NULL),
  ('8e0b3665-5b98-4422-b6c0-3f556734a75e', 'a567747d-67b8-45a1-b2ff-b41227662135', 'be8e0e5b-219a-4781-831f-062fa0c08b2c', 'CONFIRMED', '2026-04-03 00:17:34+00', NULL),
  ('56158ea9-d0ca-4bad-9160-95269eee2183', 'a567747d-67b8-45a1-b2ff-b41227662135', 'be3d5837-6505-4a05-a4e7-c5e6bb0d2373', 'CONFIRMED', '2026-04-05 00:17:34+00', NULL),
  ('3fb1cf10-1e5d-4059-be2b-26b37e5380e9', 'a567747d-67b8-45a1-b2ff-b41227662135', '990387e5-526a-4143-803e-c3cb438f3553', 'CONFIRMED', '2026-04-06 00:17:34+00', NULL),
  ('16bd6abb-a585-4337-8e06-83738a20d786', 'a567747d-67b8-45a1-b2ff-b41227662135', 'f27b3692-3ec2-4c65-847e-0771ff88d513', 'CONFIRMED', '2026-04-23 00:17:34+00', NULL),
  ('c67f45d8-2d2d-4032-b8ce-cd3ad92c194b', 'a567747d-67b8-45a1-b2ff-b41227662135', '453bf733-0036-40c4-9283-fc1722e213b5', 'CONFIRMED', '2026-04-05 00:17:34+00', NULL),
  ('d35f9e53-a52c-4ea4-abdf-83d6c3ebd673', 'a567747d-67b8-45a1-b2ff-b41227662135', '3251b95b-e151-49fc-9016-aa50c8d6c1fb', 'CANCELLED', '2026-04-02 00:17:34+00', '2026-04-17 00:17:34+00'),
  ('8fe25bed-8211-4994-8c5c-f29aa8a0b02f', 'a567747d-67b8-45a1-b2ff-b41227662135', 'ee14671c-9565-4eb0-8811-882f05314084', 'CONFIRMED', '2026-03-06 00:17:34+00', NULL),
  ('5835f769-2df9-4ff6-8ae7-7cde127931d4', 'a567747d-67b8-45a1-b2ff-b41227662135', '365e2d3a-5ec6-4aff-b9af-e44e2fc4bfe6', 'CONFIRMED', '2026-03-04 00:17:34+00', NULL),
  ('418607b5-b3cc-41d7-bf1a-4e969cafb860', 'a567747d-67b8-45a1-b2ff-b41227662135', 'cf56ab37-9137-44b9-96e3-afe605543698', 'CANCELLED', '2026-02-28 00:17:34+00', '2026-04-21 00:17:34+00'),
  ('6aa0fcb4-7265-4e4e-98a0-0f6ebd0729db', 'a567747d-67b8-45a1-b2ff-b41227662135', 'eb983045-26af-453a-bda0-105a521651c3', 'CONFIRMED', '2026-03-03 00:17:34+00', NULL),
  ('3a89f76a-450a-4920-ab28-26e6cc5e0a14', 'a567747d-67b8-45a1-b2ff-b41227662135', '273af719-0797-44a5-ac12-def38897cd8b', 'CONFIRMED', '2026-03-11 00:17:34+00', NULL),
  ('99182fe7-af98-49ad-b0d0-6c93dbf78b84', 'a567747d-67b8-45a1-b2ff-b41227662135', 'c12b1e6c-f245-47dc-9325-1dbd9d9d6749', 'CANCELLED', '2026-03-17 00:17:34+00', '2026-04-11 00:17:34+00'),
  ('79e23b55-3b94-4b59-8e34-6503b5b134bc', '79db10aa-fbfe-4257-b1d9-8944d94c92ce', '4fcfb31f-2212-43a2-989d-79d944dc1791', 'CONFIRMED', '2026-03-08 00:17:34+00', NULL),
  ('99ca3007-191c-4dde-a586-026ead92c9ae', '79db10aa-fbfe-4257-b1d9-8944d94c92ce', '1b5534de-db17-4748-ad1f-09e215eab261', 'CONFIRMED', '2026-03-30 00:17:34+00', NULL),
  ('71aa0046-becb-4712-8792-0ac4ea5820f7', '79db10aa-fbfe-4257-b1d9-8944d94c92ce', '5c9d33c4-3f41-4238-bb3d-b421837efb77', 'CONFIRMED', '2026-04-11 00:17:34+00', NULL),
  ('80f09754-508e-4d57-922e-8504f6cd1df5', 'c073edb5-67f6-44ed-b346-b59e967d22fe', '71a59698-14c1-4f18-ba56-81c93c99d1d2', 'CONFIRMED', '2026-04-22 00:17:34+00', NULL),
  ('22e9d9f7-8686-4dd1-a002-c7f060a829d4', 'c073edb5-67f6-44ed-b346-b59e967d22fe', '999180cd-ff2a-4bba-9c3d-2d128a580b98', 'CONFIRMED', '2026-03-15 00:17:34+00', NULL),
  ('9d580f85-e3b0-48ab-9093-19932d7cc2e4', 'c073edb5-67f6-44ed-b346-b59e967d22fe', 'c80134e8-4529-43c8-bf55-7b4079c350d0', 'CONFIRMED', '2026-04-16 00:17:34+00', NULL),
  ('73da3497-a1b0-4b67-9e19-236778a15eea', 'c073edb5-67f6-44ed-b346-b59e967d22fe', '273af719-0797-44a5-ac12-def38897cd8b', 'CONFIRMED', '2026-04-09 00:17:34+00', NULL),
  ('892e4c7c-3678-406d-a8a5-a2a6821b58d6', 'c073edb5-67f6-44ed-b346-b59e967d22fe', 'c561b49b-d2e3-4d02-a98c-5aae06582950', 'CANCELLED', '2026-03-01 00:17:34+00', '2026-04-14 00:17:34+00'),
  ('c17151e3-9bb4-49b0-9129-1f02b1251ddc', 'c073edb5-67f6-44ed-b346-b59e967d22fe', 'ee14671c-9565-4eb0-8811-882f05314084', 'CONFIRMED', '2026-04-07 00:17:34+00', NULL),
  ('71e9c335-0ffd-4a7b-84bd-771e7290d419', 'c073edb5-67f6-44ed-b346-b59e967d22fe', '990387e5-526a-4143-803e-c3cb438f3553', 'CONFIRMED', '2026-03-13 00:17:34+00', NULL),
  ('f6005e98-624a-49f2-83ee-47101d06489c', 'c073edb5-67f6-44ed-b346-b59e967d22fe', '8392c495-3a8f-455b-8fbb-f2479e957d91', 'CONFIRMED', '2026-02-24 00:17:34+00', NULL),
  ('92eb0e18-b5ce-4285-acdc-bd532eb87468', 'c073edb5-67f6-44ed-b346-b59e967d22fe', 'ca619f60-e9c1-444b-87bc-8e895c0d57ad', 'CONFIRMED', '2026-02-25 00:17:34+00', NULL),
  ('7d00b1f3-f62a-4145-863b-7694f1e6e531', 'c073edb5-67f6-44ed-b346-b59e967d22fe', '373d429b-c781-4957-bf34-e7ffba393755', 'CANCELLED', '2026-03-27 00:17:34+00', '2026-04-14 00:17:34+00'),
  ('e5ac5723-487e-43a7-a172-f90af50d24b7', '6ab82c9c-fe37-4190-981b-d20a97269e82', '5c9d33c4-3f41-4238-bb3d-b421837efb77', 'CONFIRMED', '2026-04-07 00:17:34+00', NULL),
  ('50afe0cf-f658-40d0-acc6-604b3a75eb3e', '6ab82c9c-fe37-4190-981b-d20a97269e82', '9c7be44f-b511-4654-8cf0-42366ab9e858', 'CONFIRMED', '2026-04-07 00:17:34+00', NULL),
  ('69d91b9f-d0a8-4c75-a074-8b12c50d77c4', '6ab82c9c-fe37-4190-981b-d20a97269e82', 'bdaead73-8170-4f45-83e3-ba833e13b23f', 'CONFIRMED', '2026-03-27 00:17:34+00', NULL),
  ('c9d50dc5-ca51-4882-baa6-398b4d2c3643', '6ab82c9c-fe37-4190-981b-d20a97269e82', 'ca9b8cdc-cc69-468f-875d-c7e965912c15', 'CANCELLED', '2026-03-29 00:17:34+00', '2026-04-09 00:17:34+00'),
  ('acb62868-1b0c-4b03-bc9d-91c0200eedd5', '6ab82c9c-fe37-4190-981b-d20a97269e82', 'b04d113c-8662-48c7-9852-8e047344623f', 'CONFIRMED', '2026-04-08 00:17:34+00', NULL),
  ('721799a5-6d3c-4ccf-943c-dbdc5c05d11f', '4f904c93-4ef6-41fa-bef3-aae49fb0df09', '3ade0f95-a244-4ef3-a899-0d967e1489ca', 'CONFIRMED', '2026-04-14 00:17:34+00', NULL),
  ('8309e372-711f-4179-a78a-29aa00623156', '4f904c93-4ef6-41fa-bef3-aae49fb0df09', 'ba581aaf-22c1-4657-9449-f0e0e6a4c510', 'CONFIRMED', '2026-03-15 00:17:34+00', NULL),
  ('246e8537-37ce-461e-bd72-188a378837c8', '4f904c93-4ef6-41fa-bef3-aae49fb0df09', 'c12b1e6c-f245-47dc-9325-1dbd9d9d6749', 'CANCELLED', '2026-02-23 00:17:34+00', '2026-04-08 00:17:34+00'),
  ('c90791d1-10ea-4b59-b0e3-3be9923f172c', '4f904c93-4ef6-41fa-bef3-aae49fb0df09', 'cbf58d56-18f8-4a17-8c5b-dc56cbd6f61d', 'CONFIRMED', '2026-04-07 00:17:34+00', NULL),
  ('cc9e6638-2008-4742-a2d2-8451591bb60a', '4f904c93-4ef6-41fa-bef3-aae49fb0df09', '71a59698-14c1-4f18-ba56-81c93c99d1d2', 'CONFIRMED', '2026-03-21 00:17:34+00', NULL),
  ('fc269fe0-97db-4be6-b3c3-769471ea3201', '4f904c93-4ef6-41fa-bef3-aae49fb0df09', 'ca619f60-e9c1-444b-87bc-8e895c0d57ad', 'CONFIRMED', '2026-04-09 00:17:34+00', NULL),
  ('c1f32d09-1faa-4eca-a373-91e72871e46f', '4f904c93-4ef6-41fa-bef3-aae49fb0df09', 'ee14671c-9565-4eb0-8811-882f05314084', 'CANCELLED', '2026-04-12 00:17:34+00', '2026-04-15 00:17:34+00'),
  ('cc62ba37-c04c-44ad-ab6e-b676936a8caa', '4f904c93-4ef6-41fa-bef3-aae49fb0df09', 'bbbb9ab6-2d00-441b-884a-e3ea071e40b3', 'CONFIRMED', '2026-03-08 00:17:34+00', NULL),
  ('390f4492-e864-44ef-be2a-0fbf071a9278', '4f904c93-4ef6-41fa-bef3-aae49fb0df09', 'a65ddc4c-d5c2-47b9-bf00-46f47289b117', 'CONFIRMED', '2026-03-23 00:17:34+00', NULL),
  ('3a9fdfef-7059-4410-99c8-2b86594bfc85', '4f904c93-4ef6-41fa-bef3-aae49fb0df09', 'a08e04eb-c0e7-4f3c-943e-8743d793070d', 'CONFIRMED', '2026-04-07 00:17:34+00', NULL),
  ('cbeb53dc-e899-431d-93b0-17dca363d5af', '4f904c93-4ef6-41fa-bef3-aae49fb0df09', 'be3d5837-6505-4a05-a4e7-c5e6bb0d2373', 'CONFIRMED', '2026-03-04 00:17:34+00', NULL),
  ('fc3d58c1-8850-47ec-9536-b1c22e914a13', '4f904c93-4ef6-41fa-bef3-aae49fb0df09', '4f461492-ffc0-4e0c-92b5-c451126660a5', 'CANCELLED', '2026-04-05 00:17:34+00', '2026-04-01 00:17:34+00'),
  ('362b78e2-0b33-40e6-8888-1549b740a4b4', '4f904c93-4ef6-41fa-bef3-aae49fb0df09', 'a305bf32-620f-48b5-83d8-50c7adaebe38', 'CONFIRMED', '2026-03-18 00:17:34+00', NULL),
  ('0894c228-40fc-450b-af31-44209bdeb486', '32858164-e53d-4606-be21-4c1f904f58cf', 'c561b49b-d2e3-4d02-a98c-5aae06582950', 'CONFIRMED', '2026-03-16 00:17:34+00', NULL),
  ('8e3da183-4eee-40f3-8f27-69d57500f816', '32858164-e53d-4606-be21-4c1f904f58cf', 'a65ddc4c-d5c2-47b9-bf00-46f47289b117', 'CONFIRMED', '2026-03-13 00:17:34+00', NULL),
  ('f75c56e0-5345-4ad6-a040-7e99aa5c71a7', '32858164-e53d-4606-be21-4c1f904f58cf', '4a7fca2d-5952-496e-8f81-900f436b06b8', 'CONFIRMED', '2026-04-18 00:17:34+00', NULL),
  ('6d23c42f-8620-47c3-b4c2-6c2c283b12af', '32858164-e53d-4606-be21-4c1f904f58cf', 'e0184fb5-f264-4105-8fa9-85fc0a4055e1', 'CONFIRMED', '2026-04-22 00:17:34+00', NULL),
  ('5868ad62-69f1-404d-b407-7bbf4082c51f', '32858164-e53d-4606-be21-4c1f904f58cf', '1b5534de-db17-4748-ad1f-09e215eab261', 'CANCELLED', '2026-03-13 00:17:34+00', '2026-04-13 00:17:34+00'),
  ('27e5f467-54cb-45f4-a360-ea0e0fc71737', '32858164-e53d-4606-be21-4c1f904f58cf', 'bdaead73-8170-4f45-83e3-ba833e13b23f', 'CONFIRMED', '2026-03-22 00:17:34+00', NULL),
  ('cdda56af-7961-4c71-ae39-32547a97b024', '32858164-e53d-4606-be21-4c1f904f58cf', '5c9d33c4-3f41-4238-bb3d-b421837efb77', 'CONFIRMED', '2026-04-13 00:17:34+00', NULL),
  ('174c8ba1-a060-40d8-bdc6-557f37f974c9', '32858164-e53d-4606-be21-4c1f904f58cf', 'e6aedbdd-3a5a-48ae-9d4f-73f036b05cf6', 'CONFIRMED', '2026-03-21 00:17:34+00', NULL),
  ('f330ec3f-a612-4382-a143-6bf9fb35731c', '32858164-e53d-4606-be21-4c1f904f58cf', 'ca9b8cdc-cc69-468f-875d-c7e965912c15', 'CONFIRMED', '2026-04-01 00:17:34+00', NULL),
  ('c49d915d-5ddc-4292-b02d-85c4c4931c61', '3eecc85c-6f6f-4d4a-b4d5-707f6a93c9d1', '13bfb2a6-af30-4042-9153-e5f305afe965', 'CONFIRMED', '2026-03-18 00:17:34+00', NULL),
  ('79970f55-3369-4464-a69c-db9572bfa181', '3eecc85c-6f6f-4d4a-b4d5-707f6a93c9d1', '315db089-5c08-4b54-b6b6-b4df06999a82', 'CONFIRMED', '2026-03-05 00:17:34+00', NULL),
  ('736bd9bb-1f9b-4de5-8a65-dc956b10c58c', '3eecc85c-6f6f-4d4a-b4d5-707f6a93c9d1', '81e952ba-1dae-4257-ad02-da0170afb268', 'CONFIRMED', '2026-03-02 00:17:34+00', NULL),
  ('9210876f-fa8e-4112-a4f0-53294ff1b2db', '3eecc85c-6f6f-4d4a-b4d5-707f6a93c9d1', '7215856a-4c8a-40bc-818e-902b3b42a662', 'CONFIRMED', '2026-04-10 00:17:34+00', NULL),
  ('4543b7f6-8ae6-41b3-8793-87510718a836', '3eecc85c-6f6f-4d4a-b4d5-707f6a93c9d1', 'ca9b8cdc-cc69-468f-875d-c7e965912c15', 'CONFIRMED', '2026-04-23 00:17:34+00', NULL),
  ('c6f5fb8d-676f-4382-a58f-b67319a8bb48', '3eecc85c-6f6f-4d4a-b4d5-707f6a93c9d1', '273af719-0797-44a5-ac12-def38897cd8b', 'CONFIRMED', '2026-03-15 00:17:34+00', NULL),
  ('bcf3cd6e-9c52-44ed-9835-b452d52d043d', '3eecc85c-6f6f-4d4a-b4d5-707f6a93c9d1', 'a08e04eb-c0e7-4f3c-943e-8743d793070d', 'CONFIRMED', '2026-03-07 00:17:34+00', NULL),
  ('12fa0c6a-c85e-49a7-ad00-4e423c8044b6', '3eecc85c-6f6f-4d4a-b4d5-707f6a93c9d1', 'ee14671c-9565-4eb0-8811-882f05314084', 'CONFIRMED', '2026-04-20 00:17:34+00', NULL),
  ('32caefb8-28b2-4da8-8786-418d06936385', '7017fa4f-23eb-4732-ab53-b3b35172bb36', 'be8e0e5b-219a-4781-831f-062fa0c08b2c', 'CONFIRMED', '2026-03-18 00:17:34+00', NULL),
  ('9ac84f70-1307-4a00-acb7-d46935033e2a', '7017fa4f-23eb-4732-ab53-b3b35172bb36', '273af719-0797-44a5-ac12-def38897cd8b', 'CANCELLED', '2026-03-17 00:17:34+00', '2026-04-03 00:17:34+00'),
  ('49f08870-eb83-4de7-bff0-44cb6a2535f6', '7017fa4f-23eb-4732-ab53-b3b35172bb36', '6e0d6e60-71e0-4eda-adb6-e7e8f066cfd7', 'CONFIRMED', '2026-04-09 00:17:34+00', NULL),
  ('65d14366-205a-4106-8caf-a08d1f44244e', '7017fa4f-23eb-4732-ab53-b3b35172bb36', 'f27b3692-3ec2-4c65-847e-0771ff88d513', 'CONFIRMED', '2026-02-28 00:17:34+00', NULL),
  ('3312fbac-6541-4d8d-9baf-1b822e838a94', '7017fa4f-23eb-4732-ab53-b3b35172bb36', 'eb983045-26af-453a-bda0-105a521651c3', 'CONFIRMED', '2026-03-10 00:17:34+00', NULL),
  ('0fdaca95-72c5-4d6e-8e36-c3fbb94d3d6b', '7017fa4f-23eb-4732-ab53-b3b35172bb36', '1cff449e-ee38-4f69-b8eb-37c09ebd7c38', 'CONFIRMED', '2026-03-23 00:17:34+00', NULL),
  ('81d50359-3d73-4614-8abc-be5ac00242ea', '7277cb04-e508-46dd-bca8-53ee6c0365ed', '999180cd-ff2a-4bba-9c3d-2d128a580b98', 'CONFIRMED', '2026-03-16 00:17:34+00', NULL),
  ('3d2d5a31-8c8e-4b37-88c6-2a6e0d635f71', '7277cb04-e508-46dd-bca8-53ee6c0365ed', 'c80134e8-4529-43c8-bf55-7b4079c350d0', 'CONFIRMED', '2026-03-02 00:17:34+00', NULL),
  ('a692febc-bc84-44e9-b3d8-e03e48f53294', '7277cb04-e508-46dd-bca8-53ee6c0365ed', '365e2d3a-5ec6-4aff-b9af-e44e2fc4bfe6', 'CANCELLED', '2026-02-26 00:17:34+00', '2026-04-20 00:17:34+00'),
  ('b2928359-b4bb-4e3c-9976-259780d0140a', '7277cb04-e508-46dd-bca8-53ee6c0365ed', 'ca9b8cdc-cc69-468f-875d-c7e965912c15', 'CONFIRMED', '2026-03-07 00:17:34+00', NULL),
  ('31767f52-e449-4600-b39b-374d1ff5b20c', '7277cb04-e508-46dd-bca8-53ee6c0365ed', '13bfb2a6-af30-4042-9153-e5f305afe965', 'CONFIRMED', '2026-02-25 00:17:34+00', NULL),
  ('c78c5b25-21de-47bd-aa6d-f34bb31b9cca', '7277cb04-e508-46dd-bca8-53ee6c0365ed', 'eb983045-26af-453a-bda0-105a521651c3', 'CONFIRMED', '2026-03-23 00:17:34+00', NULL),
  ('7485bba1-08a3-4704-a8e2-24cec6600cdd', '7277cb04-e508-46dd-bca8-53ee6c0365ed', '1b5534de-db17-4748-ad1f-09e215eab261', 'CONFIRMED', '2026-02-27 00:17:34+00', NULL),
  ('723d18d6-90e8-4fbe-8836-72ea9820b35a', '7277cb04-e508-46dd-bca8-53ee6c0365ed', 'f27b3692-3ec2-4c65-847e-0771ff88d513', 'CONFIRMED', '2026-04-11 00:17:34+00', NULL),
  ('38e54631-028a-4941-9584-9ca294f1b9ad', '187b4d63-6cf2-4f96-8ac3-97c888e611df', 'a08e04eb-c0e7-4f3c-943e-8743d793070d', 'CONFIRMED', '2026-04-19 00:17:34+00', NULL),
  ('73ff7cbd-1829-432c-8e57-ea40f15ea35a', '187b4d63-6cf2-4f96-8ac3-97c888e611df', '71a59698-14c1-4f18-ba56-81c93c99d1d2', 'CANCELLED', '2026-04-04 00:17:34+00', '2026-04-09 00:17:34+00'),
  ('5ae2a687-862f-4c99-9094-503067ae7f5a', '187b4d63-6cf2-4f96-8ac3-97c888e611df', 'eb983045-26af-453a-bda0-105a521651c3', 'CONFIRMED', '2026-02-27 00:17:34+00', NULL),
  ('dbc6d04e-4542-4c54-81c2-f1204d673549', '187b4d63-6cf2-4f96-8ac3-97c888e611df', '3ade0f95-a244-4ef3-a899-0d967e1489ca', 'CONFIRMED', '2026-03-24 00:17:34+00', NULL),
  ('aa913e64-8add-4d74-a3c6-68d475559d73', '187b4d63-6cf2-4f96-8ac3-97c888e611df', 'c54c312a-a323-49b5-9986-72511abc4feb', 'CANCELLED', '2026-03-11 00:17:34+00', '2026-04-05 00:17:34+00'),
  ('99809a71-f755-4da9-ade9-8bc118de67b8', '187b4d63-6cf2-4f96-8ac3-97c888e611df', 'bdaead73-8170-4f45-83e3-ba833e13b23f', 'CONFIRMED', '2026-03-03 00:17:34+00', NULL),
  ('4147c194-1aac-4b0c-afc6-178e98f7be68', '187b4d63-6cf2-4f96-8ac3-97c888e611df', 'c561b49b-d2e3-4d02-a98c-5aae06582950', 'CONFIRMED', '2026-04-06 00:17:34+00', NULL),
  ('961ac6ff-38bb-4959-878f-d86d0c80e4e6', '187b4d63-6cf2-4f96-8ac3-97c888e611df', '3251b95b-e151-49fc-9016-aa50c8d6c1fb', 'CONFIRMED', '2026-03-01 00:17:34+00', NULL),
  ('95573af3-45b9-4fd3-8007-2987b21c0e81', '187b4d63-6cf2-4f96-8ac3-97c888e611df', '81e952ba-1dae-4257-ad02-da0170afb268', 'CONFIRMED', '2026-03-06 00:17:34+00', NULL);